Topic,Category,Level,Resource,Author / Provider,Course Code ,Prerequisite,Priority in Website ,CSU Class,Best for (goal),Link,URL Link,Use in Website Y/M,Notes 
HPC,Books / eBooks,Advanced,ACM Digital Library: Hiearchal Progressive Coding Framework for Volumetric Video,ACM Digital Library,N/A,N/A,2,N,Accessing HPC Code for 3d effects,HPC: Hierarchical Progressive Coding Framework for Volumetric Video | Proceedings of the 32nd ACM International Conference on Multimedia,https://dl.acm.org/doi/10.1145/3664647.3681107,Y,May be a dense research paper however it contains valuable information for HPC applications. 
Javascript,Applied / Domain-Specific Resources,Intermediate,Alejandro-Du: Github ,Alejandro-Du,N/A,N/A,1,N,Developing a website in Java ,alejandro-du/java-web-app-course: A short course on Java Web Development with Spring Boot and Vaadin,https://github.com/alejandro-du/java-web-app-course,Y,Well put together code with benenficail applications. 
Unix,Online Couress / Structured Learning Paths,Beginner,Allison: Unix/Linux and Shell Scirpting - Crash Course,Allison ,N/A,N/A,1,N,Familiarizing yourself with basic Unix Commands,"Free Online Unix, Linux and Shell Scripting Crash Course | Alison",https://alison.com/course/unix-linux-and-shell-scripting-crash-course?msockid=2a68803dd7c7641b346696e4d6066551,Y,Good course for becoming fluent in Unix commands 
N/A,Applied / Domain-Specific Resources,Advanced,Amirhossein Nazerian: ResearchGate ,Amirhossein Nazerian,N/A,N/A,,N,learning about applications to modeling and simulations,"Amirhossein NAZERIAN | PostDoc Position | Doctor of Philosophy | Colorado State University, Fort Collins | CSU | Mechanical Engineering | Research profile",https://www.researchgate.net/profile/Amirhossein-Nazerian,M,
SQL,Online Couress / Structured Learning Paths,Intermediate,Analyze Data with SQL,Code Academy,N/A,N/A,1,N,Analyzing large datsets with SQL as well as preparation for technical interviews ,Analyze Data with SQL | Codecademy,https://www.codecademy.com/learn/paths/analyze-data-with-sql,Y,Good for more code learning resources and career development
Matlab,Applied / Domain-Specific Resources,Advanced,Applications of MATLAB In Engineering,Ijraset,N/A,N/A,1,N,Applying Matlab skills to engineering practices,Applications of MATLAB in Engineering,https://www.ijraset.com/research-paper/applications-of-matlab-in-engineering,Y,Good source for learning applicable matlab coding skills 
Javascript,Applied / Domain-Specific Resources,Advanced,Ariana Mims: Github,Ariana Mims:,N/A,N/A,1,N,Coding to Create a Game via blockchain,BlockchainTermProject/contracts/Betting.sol at main · Aricmims/BlockchainTermProject,https://github.com/Aricmims/BlockchainTermProject/blob/main/contracts/Betting.sol,M,Specific application that may not be best for informing java coding 
AI,Applied / Domain-Specific Resources,Intermediate,Asabenhur: Github ,Sarath Sreedharan,N/A,N/A,1,N,Supporting information for introductory Machine Learning,sarathsreedharan/CS345: Jupyter,https://github.com/sarathsreedharan/CS345,Y,"Strong Documentation, have some courses for machine learning from CSU though. "
Python,Video Courses / Structured Learning Paths,Beginner,Automate the Boring Stuff (Videos),Al Sweigart,N/A,N/A,1,N,learning how to use Automation; productivity; and scripting,https://www.youtube.com/playlist?list=PL0-84-yl1fUnRuXGFe_F7qSH1LEnn9LkW,https://www.youtube.com/playlist?list=PL0-84-yl1fUnRuXGFe_F7qSH1LEnn9LkW,Y,Imoprtant learning concepts for future coding work 
Python,Books / eBooks,Beginner,Automate the Boring Stuff with Python,Al Sweigart,N/A,N/A,1,N,Learning more about Automation and eal-world scripting,https://automatetheboringstuff.com/,https://automatetheboringstuff.com/,Y,Good for learning how to atuomate processes 
Bash,Books / eBooks,Intermediate,Awesome-Bash: Gitub,Awesome-Bash,N/A,N/A,1,N,Accessing Bash Scripts and useful resources ,awesome-lists/awesome-bash: A curated list of delightful Bash scripts and resources.,https://github.com/awesome-lists/awesome-bash,Y,Good resource for making Bash coding easier 
Bash,Online Couress / Structured Learning Paths,Beginner,Bash/Shell Courses,CodeAcademy,N/A,N/A,1,N,Learning the basics of bash coding,Bash/Shell Courses & Tutorials | Codecademy,,,
R,Applied / Domain-Specific Resources,Advanced,Brian Gerber: Github,Brian Gerber,N/A,N/A,1,N,modeling for biological habitat applications using R,bgerber123 (Brian Gerber),https://github.com/bgerber123/,M,"Interesting application for R, may be to specific of an application "
R,Applied / Domain-Specific Resources,Intermediate,Brian Gerber: Github,Brian Gerber,N/A,N/A,1,N,Learning to use for loops for simulating purposes,R-Code-Things/for.loops.r at main · bgerber123/R-Code-Things,https://github.com/bgerber123/R-Code-Things/blob/main/for.loops.r,Y,Teaches a valuable R Related coding skill with advanded applications 
R,Applied / Domain-Specific Resources,Intermediate,Brooke Anderson: Github,Brooke Anderson,N/A,N/A,1,N,Using R for climate and weather based research ,geanders (Brooke Anderson),https://github.com/geanders,M,May be to specific of an application of R but it provides beneficial applications 
Javascript,Applied / Domain-Specific Resources,Intermediate,bug7A,bug7A,N/A,N/A,1,N,Understanding a variety of web app java templates,"bug7a/javascript-mobile-app-template: Simple and fully customizable user interface template. Design for mobile app development with JavaScript on Capacitor or Cordova. (Platforms: iOS, Android, Web)",https://github.com/bug7a/javascript-mobile-app-template,M,Can be a good application but may not do a good job teaching Java Code 
HTML,Online Couress / Structured Learning Paths,Advanced,Build a Website with HTML ,Code Academy ,N/A,N/A,2,N,Learning how to build a website using HTMl and other coding languages,"Build a Website with HTML, CSS, and GitHub Pages | Codecademy",https://www.codecademy.com/learn/paths/learn-how-to-build-websites,Y,Well put together introductory course for HTML 
Matlab,Online Couress / Structured Learning Paths,Beginner,Build Matlab Proficiency,Matlab help center,N/A,N/A,1,N,Developing a strong matlab foundation for more challenging applications,https://matlabacademy.mathworks.com/details/build-matlab-proficiency/lpmlbmp,https://matlabacademy.mathworks.com/details/build-matlab-proficiency/lpmlbmp,Y,Important materials for future matlab applications 
Javascript,Online Couress / Structured Learning Paths,Intermediate,Building Interactive JavaScript Websites,Code Academy,N/A,N/A,1,N,Building a website using javascript,Building Interactive JavaScript Websites | Codecademy,https://www.codecademy.com/learn/build-interactive-websites,Y,Will need to decide on courses we want to use for this purpose 
C/C++,Online Couress / Structured Learning Paths,Beginner - Advanced,C++ Courses,Code Academy ,N/A,N/A,1,N,Accessing a Variety of C & C ++ Coding Resources,C++ (C Plus Plus) Courses & Tutorials | Codecademy,https://www.codecademy.com/catalog/language/c-plus-plus,M,Wide array of coding material! (Specific material is inside the webpage 
Geospatial,Applied / Domain-Specific Resources,Advanced,Caitlin Mothes: Github ,Caitlin Mothes,N/A,N/A,2,N,"Applying R Code to various enviromental justice, GIS, and research",ccmothes (Caitlin Mothes),https://github.com/ccmothes,Y,Good source of R Code for example learning 
N/A,Online Couress / Structured Learning Paths,New to Programming,Choosing a Programming Language ,Code Academy ,N/A,N/A,1,N,Understanding the applications and benefits of different programming languages ,Choosing a Programming Language | Codecademy,https://www.codecademy.com/learn/choosing-a-programming-language-track,Y,good for beginner coders may not be super specific to any certain language 
Excel,Online Couress / Structured Learning Paths,Beginner,Code Academy: Analyze Data with Microsoft Excel,Code Academy ,N/A,N/A,1,N,Learning how to visualize and analyze data in excel spreadsheets ,Analyze Data with Microsoft Excel | Codecademy,https://www.codecademy.com/learn/analyze-data-with-microsoft-excel-2021,Y,Has some good intermediate excel applications such as visualization 
AI,Video Courses / Structured Learning Paths,Advanced,Code Academy: Data and Programming Foundations for AI,Code Academy ,N/A,N/A,1,N,Learning foundational AI skills and implementing python into AI coding ,Data and Programming Foundations for AI | Codecademy,https://www.codecademy.com/learn/paths/machine-learning-ai-engineering-foundations,Y,Good Intermediate - Advanced material for python & AI. 
Excel,Video Courses / Structured Learning Paths,Beginner,Code Academy: Excel Basics,Code Academy ,N/A,N/A,1,N,Learning to use basic Excel functions ,Excel Basics | Codecademy,https://www.codecademy.com/learn/excel-basics-course,M,Multiple courses like this already provided. May have to choose which to pick from 
AI,Video Courses / Structured Learning Paths,New to Programming,Code Academy: Intro to Vibe Coding,Code Academy,N/A,N/A,2,N,Learning how to effectively vibe code,Just a moment...,https://www.codecademy.com/learn/intro-to-vibe-coding,M,Could be good but we might not want to use it to teach students... 
Javascript,Online Couress / Structured Learning Paths,Advanced,Code Academy: Learn Advanced Java,Code Academy ,N/A,N/A,1,N,Learning advanced Java coding methods such as concurrent programming,Learn Advanced Java | Codecademy,https://www.codecademy.com/learn/learn-advanced-java,Y,HIgh level java coding 
Javascript,Online Couress / Structured Learning Paths,Advanced,Code Academy: Learn Java Developer Tools with VS Code,Code Academy ,N/A,N/A,1,N,Learning how to use Java for softawre development ,Learn Java Developer Tools with VS Code | Codecademy,https://www.codecademy.com/learn/learn-java-developer-tools-with-vs-code,Y,Good course for testing code but might not be helpful for learning code 
Javascript,Online Couress / Structured Learning Paths,New to Programming,Code Academy: Learn Java: Debugging,Code Academy ,N/A,N/A,1,N,Identifying common issues in Java and how to debug them ,,,Y,Can help with debugging skills that are applicable to other coding languages 
N/A,Online Couress / Structured Learning Paths,New to Programming,Code Foundations,Code Academy ,N/A,N/A,1,N,Getting a strong all around foundation for coding as well as a certification ,Code Foundations | Codecademy,https://www.codecademy.com/learn/paths/code-foundations,Y,good for beginner coders may not be super specific to any certain language 
C/C++,Online Couress / Structured Learning Paths,Intermediate,CodeAcademy: C# Courses,Code Academy ,N/A,N/A,3,N,Learning how to use C# ,C# (C Sharp) Courses & Tutorials | Codecademy,https://www.codecademy.com/catalog/language/c-sharp?g_network=o&g_productchannel=&g_adid=&g_locinterest=&g_keyword=c%23%20course&g_acctid=243-039-7011&g_adtype=&g_keywordid=kwd-79508828698092:loc-4085&g_ifcreative=&g_campaign=account&g_locphysical=94007&g_adgroupid=1272135574815019&g_productid=&g_source=%7bsourceid%7d&g_merchantid=&g_placement=&g_partition=&g_campaignid=370314508&g_ifproduct=&utm_id=t_kwd-79508828698092:loc-4085:ag_1272135574815019:cp_370314508:n_o:d_c&msclkid=b3aaebd84a3d1750399581ce49575358&utm_source=bing&utm_medium=cpc&utm_campaign=US%20-%20Exact&utm_term=c%23%20course&utm_content=C%23,M,Good intro tutorial course but it is not focused on C or C++ 
AI,Video Courses / Structured Learning Paths,New to Programming,CodeAcademy: Learn Prompt Engineering,Code Academy,N/A,N/A,2,N,Effectively generating AI Prompts,Learn Prompt Engineering | Codecademy,https://www.codecademy.com/learn/learn-prompt-engineering,M,Good for learning how to us AI but not for coding with AI 
Bash,Online Couress / Structured Learning Paths,Advanced,CodeAcademy: Software Engineering for Data Scientists,CodeAcademy,N/A,N/A,1,N,Getting a certification focused on software engineering using Bash and Python coding ,Software Engineering for Data Scientists | Codecademy,https://www.codecademy.com/learn/paths/software-engineering-for-data-scientists,Y,Contains other coding softwares such as Python & Command line. Software engineering certification. seems like an all encompassing Course which could be good 
Bash,Online Couress / Structured Learning Paths,Intermediate,CodeAcedemy: Learn Bash Scripting ,CodeAcademy,N/A,N/A,2,N,Learning to script code with Bash,Learn Bash Scripting | Codecademy,https://www.codecademy.com/learn/bash-scripting,M,"Strong introduction Course for Bash, free; and open access . We may have some more robust courses already "
SQL,Online Couress / Structured Learning Paths,Beginner,Codefinity: Introduction to SQL ,Codefinity,N/A,N/A,2,N,Understanding the basics of SQL ,Introduction to SQL Course - Online Learning with Certificate,https://codefinity.com/courses/v2/b3ddb247-eebc-4cd4-a859-0d9c1428d0bf?utm_source=bing&utm_medium=cpc&utm_campaign=569548026&utm_content=1174280248644706&utm_term=how%20to%20use%20sql%20for%20beginners&msclkid=791b78ad00c31701f51412bbfcb884b8,Y,
Javascript,Applied / Domain-Specific Resources,Beginner - Advanced,"Codepen: The best place to build, test, and discover front end code ",CodePen,N/A,N/A,2,N,Practicing coding skills ,CodePen: Online Code Editor and Front End Web Developer Community,https://codepen.io/,M,doesn't provide much tutorial and training but it's a good resource for finding others code and practicing your own
SQL,Online Couress / Structured Learning Paths,Intermediate,Codez Up: SQL for big data: Handling Large Scale Datasets,Codez up,N/A,N/A,1,N,Applying basic coding languages to large scale SQL datasets ,SQL for Big Data: Handling Large-Scale Data Sets,https://codezup.com/sql-for-big-data-handling-large-scale-data-sets/,Y,Excellent advanced application for coding knowledge in all languages 
Python,Applied / Domain-Specific Resources,Beginner,Coding and Cookies: Python,Coding and Cookies,N/A,N/A,1,N,Accessing python coding resources such as workshops and online lessons,Python - Coding and Cookies - Research Guides at Colorado State University Fort Collins,https://libguides.colostate.edu/coding-cookies/python,Y,Good all around resource for learning python and getting help 
R,Applied / Domain-Specific Resources,Beginner,Coding and Cookies: R,Coding and Cookies,N/A,N/A,1,N,Accessing introductory R Material and Online resources,,,Y,Good resource for learning R and getting help 
SQL,Online Couress / Structured Learning Paths,Advanced,Colorado State University: Business Database Systems (Prereqs & Paywall) ,Aaron Baird,CIS 655,CIS 605 / CIS 611 ,1,Y,Developing database management and modeling skills ,CIS 655,https://online.colostate.edu/courses/CIS/CIS655.dot,Y,may not be fully focused on coding in SQL but has some beneficial applications in data management 
N/A,Online Couress / Structured Learning Paths,Beginner,Colorado State University: Business Data Visualization,Adela Chen,CIS 576,None ,,Y,Implementing best Practices for data visualization,https://online.colostate.edu/courses/CIS/CIS576.dot,https://online.colostate.edu/courses/CIS/CIS576.dot,M,
AI,Online Courses / Structured Learning Paths,Intermediate,Colorado State University: Analytics and AI in Business,Adela Chen,CIS 370,"CIS 200 , STAT 204",2,Y,Learning Introductory Machine Learning and Data analysis skills,CIS 370,https://online.colostate.edu/courses/CIS/CIS370.dot,Y,Good undergrad coures but we have some similar courses already. Can choose between these and our other CSU and non CSU Courses 
C/C++,Online Couress / Structured Learning Paths,Advanced,Colorado State University: Introduction to Robot Programming/Simulation,Amir Nazerian,ECE 445,CS 150B / CS 152 / CS 162,1,Y,Coding for work cells and robot applications,ECE 455,https://online.colostate.edu/courses/ECE/ECE455.dot,Y,Well put together course that focuses on advanced coding for C 
Matlab,Online Couress / Structured Learning Paths,Intermediate,Colorado State University: Control Systems,Amir Nazerian,MECH 417,"MATH 340 , MECH 307",1,Y,Applying matlab for control loops and forward loops,MECH 417,https://online.colostate.edu/courses/MECH/MECH417.dot,Y,Beneficial applications of Matlab 
Javascript,In Person Courses / Structured Learning Paths,Intermediate,Colorado State University: Data Structures,Ariana mims,CS 165,CS 162 / CS 163 / CS 164 / CIS 340 ,1,Y,Learning about object oriented concepts,,,Y,Strong application for Java Code that is widely applicable 
AI,Online Courses / Structured Learning Paths,Advanced,Colorado State University: Bioinformatics Algorithms,Asa Ben-Hur,CS 425,BZ 360 / CS 320 / CS 345,1,Y,Using Machine Learning for DNA protein analysis,CS 525,https://online.colostate.edu/courses/CS/CS525.dot,M,Anothe speciifc AI application that may not be accesible due to how specific it is in the masters curriculum.
HPC,Online Couress / Structured Learning Paths,Advanced,Colorado State University: Introduction to Bioinformatics Algorithms,Asa Ben-Hur,CS 525 ,"CS 320 , STAT 301 / ECE 303 / STAT 303 / STAT 307 / STAT 369",1,Y,applying algorithm analysis to biology ,https://online.colostate.edu/courses/CS/CS425.dot,https://online.colostate.edu/courses/CS/CS425.dot,M,May be to specific of applications.
HPC,Online Couress / Structured Learning Paths,Advanced,Colorado State University: Machine Learning,Asa Ben-Hur,CS 545,CS 440,1,Y,applying algorithm analysis to biology ,https://online.colostate.edu/courses/CS/CS425.dot,https://online.colostate.edu/courses/CS/CS425.dot,M,May be to specific of applications.
R,In Person Courses / Structured Learning Paths,Advanced,Colorado State University: Wildlife Ecology Modeling,Brian Gerber ,FW 67-,"STAR 511 , Graduate",1,Y,Using R to Model and communicate Wildlfie ecology information,,,M,"Interesting application for R, may be to specific of an application "
R,Online Couress / Structured Learning Paths,Intermediate,Colorado State University: Environmental Data Science Applications: Introduction,Caitlin Mothes,ESS 523A,STAT 158 / STAT 301,1,Y,Using R Studio for environmental science applications,ESS 523A,https://online.colostate.edu/courses/ESS/ESS523A.dot,Y,Strong application for environmental uses of R 
N/A,Online Couress / Structured Learning Paths,Advanced,Colorado State University: Materials Science and Engineering Methods: Computational Materials Methods,Christopher Weinberger,MATH 502B,MATH 340 / MATH 345 / MECH 331 ,,Y,Modeling Materials using coding ,,"MSE 502B, https://online.colostate.edu/courses/MSE/MSE502F.dot, https://www.bing.com/ck/a?!&&p=5edda8e9fe874b1433431abd92ef6f63a820e0f3da8864d83835de49ff3e649dJmltdHM9MTc3OTQwODAwMA&ptn=3&ver=2&hsh=4&fclid=2a68803d-d7c7-641b-3466-96e4d6066551&psq=Christopher+Weinberger&u=a1aHR0cHM6Ly93d3cuZW5nci5jb2xvc3RhdGUuZWR1L21lL2ZhY3VsdHkvZHItY2hyaXMtd2VpbmJlcmdlci8",M,
R,In Person Courses / Structured Learning Paths,Intermediate,Colorado State University: Analytics in Systems Engineering,Colorado State University,,,1,Y,Learning to collect and analyze field data for projects,,,M,Can have R applications but it could be to specific nor offer as much coding information as we want 
Matlab,In Person Courses / Structured Learning Paths,Beginner,Colorado State University: 6 Week Matlab bootcamp,Colorado State University Online ,,,1,Y,learning how to use matlab and to get up to proficient levels,MATLAB Basics - Department of Mechanical Engineering,https://www.engr.colostate.edu/me/matlab-basics/,Y,Good for introducing Matlab essentials however it may be difficult to access for non engineering students 
R,Online Couress / Structured Learning Paths,New to Programming,Colorado State University: Introduction to R Programming,Dharma Hoy,STAT 158 ,None ,1,Y,Getting foundational knowledge in R concepts ,,https://online.colostate.edu/courses/STAT/STAT158.dot,Y,
R,In Person Courses / Structured Learning Paths,Intermediate,Colorado State University: R Programming for Research,Brooke Anderson ,ERHS 535 ,None ,1,Y,Learning R and using it for research purposes ,,,Y,"No link provided, can be good way to apply coding to research "
Matlab,Online Couress / Structured Learning Paths,Intermediate,Colorado State University: Mechanical Engineering Computational Methods,Doug Fankell,MECH 305,MATH 340,1,Y,Exploring mechanical engineering applications for data analysis and machine learning,MECH 305,https://online.colostate.edu/courses/MECH/MECH305.dot,Y,Type of code used is unclear 
N/A,Online Couress / Structured Learning Paths,Beginner,Colorado State University: Engineering Design--3D Modeling and Printing,Doug Fankell,MECH 210,None,,Y,Learning how to apply 3d softwares in mechanical engineering,MECH 210,https://online.colostate.edu/courses/MECH/MECH210.dot,M,
N/A,Online Couress / Structured Learning Paths,Advanced,Colorado State University: Computational Methods for Mechanical Eng.,Douglas Fankell,MECH 568 ,MATH 450 / MATH 451,,Y,Learning complex computations and algorithims for engineering,MECH 568,https://online.colostate.edu/courses/MECH/MECH568.dot,M,
Javascript,In Person Courses / Structured Learning Paths,New to Programming,Colorado State University: Culture and Coding: Java,Elisa Cundiff,CS 150A,None,1,Y,Introductocing onself to Java software ,,,Y,Good introduction course
Python,In Person Courses / Structured Learning Paths,New to Programming,Colorado State University: Culture and Coding: Python,Elisa Cundiff,CS 150B,None,2,Y,Introducing oneself to python concepts ,"Good CSU Intro Courses, CSU courses may have paywalls and other barriers ",,Y,
Excel,Online Couress / Structured Learning Paths,Beginner,Colorado State University: Life Cycle Assessment for Sustiainability,Elizabeth Toman,ESS 555,None,1,Y,Using Excel to conduct a research project revolving around life cycles,ESS 555,https://online.colostate.edu/courses/ESS/ESS555.dot,Y,Connecting research to a coding resource we are interested in 
Geospatial,In Person Courses / Structured Learning Paths,Intermediate,Colorado State University: Geospatial Project Design and Analysis,Elizabeth Tulanowski,NR 450,GR 420 / NR 319 / NR 322,1,Y,Learning to develop a GIS based project from start to end,,,Y,Research Skills. 
Geospatial,Online Couress / Structured Learning Paths,New to Programming,Colorado State University: Introduction to Geospatial Science,Elizabeth Tulanowski,"NR 319, NR 505 ",None ,1,Y, learning ArcGIS and geospatial concepts ,NR 319,https://online.colostate.edu/courses/NR/NR319.dot,Y,Excellent intro course 
R,Online Couress / Structured Learning Paths,Intermediate,Colorado State University: Statistics for Environmental Monitoring,Ellison Carter,CIVE 547 ,STAT 301,2,Y,Applying Statistics concepts to the environment,CIVE 547,https://online.colostate.edu/courses/CIVE/CIVE547.dot,M,May not focus on R coding as much as we want. 
N/A,Online Couress / Structured Learning Paths,Intermediate,Colorado State University Design and Data Analysis for Researchers II,Eric Gilleland,STAR 512,STAR 511 OR STAT 511A,1,Y,exploring statistical methods for research,,"STAR 512, https://online.colostate.edu/courses/STAR/STAR513.dot",M,all N/A Courses had unclear Coding language usages. It can be inferred but it's safer to reach out to these professors. 
N/A,Online Couress / Structured Learning Paths,Intermediate,Colorado State University: Engineering Data Design and Visualization,Erika Gallegos (Miller),SYSE 541,ECE 303 / STAT 303 / STAT 315,,Y,"Learning to design data, create visualizations, and communicate patterns",SYSE 541,https://online.colostate.edu/courses/SYSE/SYSE541.dot,M,
Unix,In Person Courses / Structured Learning Paths,Intermediate,Colorado State University: Linux as a Computational Platform,Erin Nishimura,DSCI 510 ,Graduate ,1,Y,Learning to use linux for installing software and basic computational programming,,,M,Course may also be applicable to unix as these two codes are incredible similar 
HPC,In Person Courses / Structured Learning Paths,Advanced,Colorado State University: RNA-Sequencing Data Analysis,Erin Nishimura ,DSCI 512,"DSCI 510 , Graduate",1,Y,Practicing RNA Based coding applications,,,M,Specific application. HPC Code may not be applied 
SQL,Online Couress / Structured Learning Paths,Advanced,Colorado State University:  Database Systems,Evan Anspach,CS 430 ,CS 314 / CS 370,2,Y,"Analyzing Databases, Developing  modeling skills for databases",CS 430,https://online.colostate.edu/courses/CS/CS430.dot,Y,Strong aplications for database and modeling skills 
AI,Online Courses / Structured Learning Paths,Advanced,Colorado State University: Artificial Intelligience,Nikhil Krishnaswamy,CS 540,CS 440 ,2,Y,Using artificial intelliigience for data mining and computation,CS 540,https://online.colostate.edu/courses/CS/CS540.dot,M,Anothe speciifc AI application that may not be accesible due to how specific it is in the masters curriculum.
AI,Online Courses / Structured Learning Paths,Intermediate,Colorado State University: Introduction to Artifical Intelligience,Fabio De Abreu Santos,CS 440,CS 320 / CS 345,1,Y,Learning how to use AI in Coding,CS 440,https://online.colostate.edu/courses/CS/CS440.dot,Y,"Well put together courses, paywall is biggest nonfactor for intro AI Coding "
AI,Online Courses / Structured Learning Paths,Advanced,Colorado State University: Applied Data Mining and Analytics in Business,Gaurav Jetley,CIS 575,STAT 204 ,2,Y,Applying AI Data Mining Business,CIS 575,https://online.colostate.edu/courses/CIS/CIS575.dot,Y,These courses are specifically applications of AI and may not be entirely useful for learning how to use it in non Businesss applications 
AI,Online Courses / Structured Learning Paths,Intermediate,Colorado State University:AI for Radar and Remote Sensing,Haonan Chen,ECE 556,"CS 150B / CS 163 / CS 163 / CS 164 , ECE 303 / STAT 303 , DSCI 369 / MATH 369",1,Y,Learning about AI applications for GIS ,ECE 556,https://online.colostate.edu/courses/ECE/ECE556.dot,Y,"These both are good, but they are not specific AI Coding resources and instead are applications "
N/A,Online Couress / Structured Learning Paths,Beginner,Colorado State University: General Statistics,Haotian Liu,STAT 201,none ,,Y,Analyzing datasets using JMP coding software,STAT 201,https://online.colostate.edu/courses/STAT/STAT201.dot,M,
AI,Online Courses / Structured Learning Paths,Advanced,Colorado State University: AI/ML Product Management,Hemant Kavaida,CIS 577,CIS 370 ,1,Y,Understanding how to use AI ethically in business ,CIS 577,https://online.colostate.edu/courses/CIS/CIS577.dot,M,May not be applicable as a coding resource 
N/A,Online Couress / Structured Learning Paths,Advanced,Colorado State University: Modeling Watershed Hydrology (Paywall) ,Jeffrey Niemann,CIVE 524 ,"CIVE 203, / STAT 301 / STAT 315 , CIVE 522 / WR 416",,Y,Applying Modeling and Analysis to Watersheds,CIVE 524,https://online.colostate.edu/courses/CIVE/CIVE524.dot,M,
N/A,Online Couress / Structured Learning Paths,Intermediate,Colorado State University: Design Analysis of Engineering Experiments,Jeremy Daily,ENGR 540,CIVE 203 / ECE 303 / STAT 301 / STAT 303 / STAT 315  ,1,Y,Learning how to collect and analyze data for engineering projects,https://online.colostate.edu/courses/ENGR/ENGR540.dot,https://online.colostate.edu/courses/ENGR/ENGR540.dot,Y,Good course to learn how to use code for research. paywalled 
AI,Online Courses / Structured Learning Paths,Advanced,Colorado State University: Machine Learning,Jesse Burkhardt,STAA 578,"STAA 577 , Graduate ",1,Y,Using Machine Learning for data science and mining applications,STAA 578,https://online.colostate.edu/courses/STAA/STAA578.dot,Y,Seems like a good course for broad data and IOT use. Only issue is thet masters level. 
AI,In Person Courses / Structured Learning Paths,Advanced,Colorado State University: Advanced Econometric Methods: Machine Learning for Econometric Analysis,Jesse Burkhardt ,AREC 736E,"AREC 735 / ECON 735, Graduate ",1,Y,Learning to use AI to predict causal treatments and create datasets ,,,M,"Is a good couse, not offered online though. "
AI,In Person Courses / Structured Learning Paths,Advanced,Colorado State University: Machine Learning for Econometric Analysis (Paywalled),Jesse Burkhardt ,ECON 736E,"AREC 735 / ECON 735, Graduate ",1,Y,Exploring Machine Learning Applications,,,M,Broad AI Application that may not be our goal. 
AI,Online Courses / Structured Learning Paths,Advanced,Colorado State University: Biomedical Signal Processing,Jesse Wilson,ECE 537,ECE 303 / ECE 311 / MATH 340 / STAT 303 ,1,Y,Applying AI to  Biomedical signal processing and noise reduction,ECE 537,https://online.colostate.edu/courses/ECE/ECE537.dot,M,Anothe speciifc AI application that may not be accesible due to how specific it is in the masters curriculum.
AI,Online Courses / Structured Learning Paths,Advanced,Colorado State University: Machine Learning in Imaging and Spectroscopy (Paywalled),Jesse Wilson,BIOM 559,"ECE 312 , BIOM 403 / ECE 403 / 504 , ECE 303 / STAT 303 OR BIOM 431 , CS 150B / CS 152 / CS 163 / CS 164",2,Y,Applying Machine Learning to Imaging and Spectroscopy,https://online.colostate.edu/courses/BIOM/BIOM559.dot,https://online.colostate.edu/courses/BIOM/BIOM559.dot,Y,Broad AI Application that may not be our goal. 
Geospatial,In Person Courses / Structured Learning Paths,Beginner,Colorado State University Remote Sensing and Image Interpretation,Jessica O'Connell,"NR 323, NR 503",None ,1,Y,Learning introductory remote sensing skills ,,,Y,Good introduction remote sensing course
R,Online Courses / Structured Learning Paths,Beginner,Colorado State University: applications of Quantitative Resesarch,Pat Hastings,SOC 314 ,"SOC 210 / STAT 200-499 , SOC 311",,Y,,,,,
AI,Online Courses / Structured Learning Paths,Intermediate,Colorado State University: Analytics and AI in Business,Gaurav Jetley,CIS 370 ,"CIS 200 , STAT 204",3,Y,Learning Introductory Machine Learning and Data analysis skills,CIS 370,https://online.colostate.edu/courses/CIS/CIS370.dot,Y,Good undergrad coures but we have some similar courses already. Can choose between these and our other CSU and non CSU Courses 
AI,Online Courses / Structured Learning Paths,Advanced,Colorado State University: Machine Learning,Yunpeng Zhao ,STAA 578 ,STAA 577 ,1,Y,,,,,
R,Online Couress / Structured Learning Paths,Beginner,Colorado State University: Mechanical Engineering Data Analysis in R,John Volckens,MECH 476,ENGR 111 OR MECH 103 ,1,Y,Introductory concepts of R for mechanical engineering applications,MECH 476,https://online.colostate.edu/courses/MECH/MECH476.dot,Y,"Good R course, may be to advanced for ost disciplines "
Geospatial,In Person Courses / Structured Learning Paths,Beginner - Advanced,Colorado State University: Land Use Economics and Spatial Modeling (Paywalled) ,Jordan Suter,AREC 647,"AREC 506 / ECON 506 , AREC 535 / ECON 535, graduate",1,Y,Applying Geospatial Analysis real world economic analysis ,,https://www.bing.com/ck/a?!&&p=df354aab52bd7afb09e4d02b103761d622b373695bd7415b79e2a03f6d552e67JmltdHM9MTc3OTQwODAwMA&ptn=3&ver=2&hsh=4&fclid=2a68803d-d7c7-641b-3466-96e4d6066551&psq=CSU+Arec+department+647+&u=a1aHR0cHM6Ly9jYXRhbG9nLmNvbG9zdGF0ZS5lZHUvZ2VuZXJhbC1jYXRhbG9nL2NvdXJzZXMtYXovYXJlYy8,Y,May be better for specific degree applications and not for general learning experience. 
Geospatial,In Person Courses / Structured Learning Paths,Advanced,Colorado State University: Geographic Information Systems in Health,Josh Reyling ,PBHL 572,None,1,Y,Learning how to use GIS for public health applications,,,Y,Good Broad GIS applicatoin 
Excel,Online Couress / Structured Learning Paths,Beginner,Colorado State University: Statistics With Business Applications,Kai Jeffreys ,STAT 204,STAT 201,1,Y,Utilizing  Excel for Business data applications,STAT 204,https://online.colostate.edu/courses/STAT/STAT204.dot,Y,"Good excel course, focuses on specific applications of excel in Business  though "
SQL,Online Couress / Structured Learning Paths,Beginner,Colorado State University: Principles: Quantitative Data Analysis,Kari Dockendorff,EDRM 606,"EDRM 600 , STAT 201",1,Y,Applying Quantitative Analysis skills to social sciences ,https://online.colostate.edu/courses/EDRM/EDRM606.dot,https://online.colostate.edu/courses/EDRM/EDRM606.dot,Y,"Good application, may not be pernient to SQL and may be to specific of an application. may also be masters only "
N/A,In Person Courses / Structured Learning Paths,Advanced,Colorado State University: Modeling Ecosystem Biogeochemistry,Keith Paustian,SOCR 620,"ECOL 505 / LAND 220 / LIFE 220 / SOCR 240 , MATH 155 / MATH 160, graduate ",,Y,Learning how to use various coding languages to model biogeochemical cycles,,,M,
R,Online Couress / Structured Learning Paths,Intermediate,Colorado State University: Wildlife Data Collection and Analysis,Larissa Bailey,FW 471,"FW 370 , NR 220 ",2,Y,Learning how to collect and analyze wildlife data in a professional manner,FW 471,https://online.colostate.edu/courses/FW/FW471.dot,M,May be to specific for most R coding purposes 
C/C++,Online Couress / Structured Learning Paths,Beginner,Colorado State University: C++ Fundamentals,Logan Seabolt,CS 301 ,CS 162 / CS 163 / CS 164 ,1,Y,Developing Foundational Skills in using C++ and it's applications,CT 301,https://online.colostate.edu/courses/CT/CT301.dot,Y,Good intro coding for C++ 
C/C++,In Person Courses / Structured Learning Paths,Beginner,Colorado State University: Introduction to C Programming I,Logan Seabolt,CS 156 ,None ,1,Y,Famililarizing yourself with C Coding Concepts,,,Y,Good intro coding course 
C/C++,In Person Courses / Structured Learning Paths,Beginner,Colorado State University: Introduction to C Programming II,Logan Seabolt,CS 157,"CS 156 , MATH 118 / MATH 127",1,Y,Practicing C Code ,,,Y,Good for practicing C code 
Javascript,In Person Courses / Structured Learning Paths,Intermediate,Colorado State University: Computational Thinking with Java,Logan Seabolt,CS 164,CIS 240 OR CS 150A / CS 152 / CS 163 / ENGR 123 ,1,Y,"Learning to use java for Object Oriented coding, loops, arrays.  ",,,Y,Good advanced coding instruction for Java coding 
Javascript,In Person Courses / Structured Learning Paths,Beginner,Colorado State University: CS1--Introduction to Java Programming,Logan Seabolt,CS 162 ,CS 150B / CS 152 / CS 163,1,Y,Familiarzing yourself with Java Coding,,,Y,Good intro coding course 
Python,In Person Courses / Structured Learning Paths,New to Programming,Colorado State University: Python for Stem ,Logan Seabolt,CS 152,CS 163 / MATH 124 / MATH 125 / MATH 126 / MATH 127 ,1,Y,Familarizing onself with more complex Python resources ,,,Y,
SQL,Online Couress / Structured Learning Paths,New to Programming,Colorado State University: Personal Computing,Logan Seabolt,CS 110,None ,1,Y,Getting foundational knowledge in computer management and data ,CS 110,https://online.colostate.edu/courses/CS/CS110.dot,Y,"This course may be more applicable for Bash or another computing code class, unclear "
AI,Online Courses / Structured Learning Paths,Advanced,Colorado State University: Adaptive Systems and Machine Learning,Mahmood Azimi-Sadjadi,ECE 553,"ECE 303 / STAT 303 , ECE 312 ",1,Y,Learning to use AI for supervised and unsupervised learning,ECE 553,https://online.colostate.edu/courses/ECE/ECE553.dot,Y,Good AI Application Course 
Geospatial,In Person Courses / Structured Learning Paths,Advanced,Colorado State University: Engineering Applications of GIS and GPS,Mazdak Arabi,CIVE 576,None ,1,Y,Applying GIS and GPS skills to engineering,,,M,Used coding skills were not clearly defined 
HPC,Online Couress / Structured Learning Paths,Intermediate,Colorado State University: Optimization Methods in Data Science,Michael Kirby,"DSCI 320, MATH 320","CS 163 / CS 164 / CS 165 / CS 220 / DSCI 235 , DSCI 369 / MATH 369 , MATH 255 / MATH 256 / MATH 261 ",1,Y,Learning Linear algebra applications for data science,,https://online.colostate.edu/courses/MATH/MATH320.dot,Y,"HPC Code not clearly defined, however linear algebra applications and parallel processing tend to use HPC code "
N/A,Online Couress / Structured Learning Paths,Advanced,Colorado State University: Linear Algebra for Data Science: Matrices and Vectors Spaces,Michael Kirby,"DSCI 569B, MATH 569B",DSCI 569A / MATH 569A,,Y,Accessing a series of courses related to Linear Algebra for Data Science ,,"MATH 569A , https://online.colostate.edu/courses/MATH/MATH569B.dot, https://online.colostate.edu/courses/MATH/MATH569C.dot",M,
R,Online Couress / Structured Learning Paths,Intermediate,Colorado State University: Environmental Data Science Applications: Water Resources,Mike Johnson,"ESS 523C, WR 523C",ESS 523A OR SOCR 523A,2,Y,Learning about water based appilcations of R and Machine Learning,ESS 523C,https://online.colostate.edu/courses/ESS/ESS523C.dot,Y,Strong application for environmental uses of R 
AI,In Person Courses / Structured Learning Paths,Intermediate,Colorado State University: Public Health Data Management Using SAS,Molly Gutilla,PBHL 534 ,None,2,Y,Learning to use SAS AI software to analyze datasets ,,,Y,Strong application for AI 
HPC,Online Couress / Structured Learning Paths,Advanced,Colorado State University: Engaging in Virtual Worlds,Nathaniel Blanchard,CS 462,None,2,Y,Coding to build 3d models and develop 3d worlds,CS 462,https://online.colostate.edu/courses/CS/CS462.dot,M,Same issue as other 3d software 
N/A,Online Couress / Structured Learning Paths,Advanced,Colorado State University:  Natural Language Processing,Nikhil Krishnaswamy,CS 542 ,CS 345,,Y,Developing knowledge of coding languages and their algorithim/computational capabilities,CS 542,https://online.colostate.edu/courses/CS/CS542.dot,M,
Python,In Person Courses / Structured Learning Paths,Beginner,Colorado State University: Introduction to Computing in Physics,Norm Buchanan,PH 210,"CS 150B / CS 152 , PH 141",1,Y,Learning how to use python for physics computing,,,M,May be to specific of an application for python use 
SQL,Online Couress / Structured Learning Paths,Beginner,Colorado State University:  Applications of Quantitative Research,Pat Hastings,SOC 314,"SOC 210 / STAT 200 - 499 , SOC 311",1,Y,"Learning how to collect, analyze, and merge datasets",SOC 314,https://online.colostate.edu/courses/SOC/SOC314.dot,y,Poses Strong SQL skill development 
HPC,In Person Courses / Structured Learning Paths,Beginner,Colorado State University: Design Thinking Toolbox: 3D Modeling,Paul Callahan,IDEA 310,IDEA 210,1,Y,Learning how to use 3d modelling software,,,M,Code type not clearly defined. 
N/A,Online Couress / Structured Learning Paths,Advanced,Colorado State University: The Material Point Method,Paul Heyliger,CIVE 551,"CIVE 251 , MATH 340 ",,Y,Learning to apply computational Programming to engeineering concepts ,CIVE 551,https://online.colostate.edu/courses/CIVE/CIVE551.dot,M,
N/A,In Person Courses / Structured Learning Paths,Intermediate,Colorado State University: Numerical Modeling and Optimization,Peter Nelson,CIVE 202,"CIVE 103 , MATH 159 / 160 ",,Y,Applying Programming Concepts to engineering applications,,,M,
AI,Online Courses / Structured Learning Paths,Intermediate,Colorado State University: Analytics and AI in Business,Qahri-Saremi Hamed,CIS 370 ,"CIS 200 , STAT 204 ",2,Y,Learning Introductory Machine Learning and Data analysis skills,CIS 370,https://online.colostate.edu/courses/CIS/CIS370.dot,Y,Good undergrad coures but we have some similar courses already. Can choose between these and our other CSU and non CSU Courses 
AI,Online Courses / Structured Learning Paths,Intermediate,Colorado State University: Introduction to Machine Learning ,Ravi Mangal,CS 445,"CS 165 , CS 345 / DSCI 445 , DSCI 235 , DSCI 369 / MATH 229 / MATH 369 ",1,Y,Developing fundamental knowledge related to Machine Learning ,CS 445,https://online.colostate.edu/courses/CS/CS445.dot,Y,High Level CSU AI Course. 
R,Online Couress / Structured Learning Paths,Advanced,Colorado State University: Water Quality Monitoring,Ryan Bailey ,CIVE 542,None ,1,Y,Modeling Lake and Stream Water quality,CIVE 542,https://online.colostate.edu/courses/CIVE/CIVE542.dot,Y,May be to specific of an application and may also be masters blocked 
N/A,Online Couress / Structured Learning Paths,Advanced,Colorado State University: Big Data,Sangmi Pallickara,CS 535 ,CS 435 ,,Y,"Large scale topics surrounding Data analysis, modeling, and prediction",CS 535,https://online.colostate.edu/courses/CS/CS535.dot,M,
HPC,Online Couress / Structured Learning Paths,Intermediate,Colorado State University: Parallel Processing ,Sanjay Rajopadhye,CS 475,"CS 250 / CS 270 , CS 320 , CT 301",2,Y,Developing fundamenatl skills in parallel processing for computational applications,CS 575,https://online.colostate.edu/courses/CS/CS575.dot,M,Seems like a strong course however the Masters barrier could be an issue 
HPC,Online Couress / Structured Learning Paths,Advanced,Colorado State University: Parallel Programming,Sanjay Rajopadhye,CS 575 ,CS 475,2,Y,Learning to use complex Parallel Programming applications,https://online.colostate.edu/courses/CS/CS475.dot,https://online.colostate.edu/courses/CS/CS475.dot,M,Coding resources are unclear 
AI,In Person Courses / Structured Learning Paths,Beginner,Colorado State University: Machine Learning Foundations and Practice,Sarath Sreedharan,CS 345,"CS 220 , CS 150B / CS 152 / CS 165 / DSCI 235 AND MATH 155 / MATH 156 / MATH 159 / MATH 160 , STAT 301 / STAT 302A / ECE 303 / STAT 303 ",1,Y,Introducing onself to Machine Learning concepts ,,,Y,Good intro coding course 
Geospatial,Online Couress / Structured Learning Paths,Intermediate,Colorado State University: GIS for Social Scientists,Sayat Temirbekov,GR 311 ,GR 100,1,Y,Learning applications of GIS for social sciecnes ,GR 311,https://online.colostate.edu/courses/GR/GR311.dot,M,May be to specific 
Geospatial,In Person Courses / Structured Learning Paths,Intermediate,Colorado State University: Landscape Graphics Studio,Scott Curry,HORT 231,None,1,Y,Learning how to create 3d landscape concepts using hands on and digital media techniques,,,M,"related more to CAD, still has some elements of geospatial science but may be more designed base vs coding based "
R,Online Couress / Structured Learning Paths,Advanced,Colorado State University: Statistical Learning and Data Mining,Stacy Edmondson,STAA 577,"STAA 551 , STAA 561 ",1,Y,"Learning how to use R studio for statistical applications in medicine, government, science, and business ",STAA 577,https://online.colostate.edu/courses/STAA/STAA577.dot,Y,"Provides R Coding lessons for multiple relevant fields applications, may be blocked for masters students "
N/A,Online Couress / Structured Learning Paths,Intermediate,Colorado State University: Modeling Human Systems Behavior,Steve Conrad,ENGR 535 ,ECE 303 / STAT 303 / STAT 311 / STAT 315,,Y,Modeling applicatoins for human system behvaior,ENGR 535,https://online.colostate.edu/courses/ENGR/ENGR535.dot,M,
Geospatial,In Person Courses / Structured Learning Paths,Intermediate,Colorado State University: Spatial Analysis with GIS,Steve Leisz,GR 420,GR Coursew/k ,1,Y,Learning how to use GIS for spatial analysis,,,Y,Good Course for GIS applications 
C/C++,In Person Courses / Structured Learning Paths,Intermediate,Colorado State University: Introduction to Microcontrollers and IoT,Steve Undy,ECE 251,ECE 102,1,Y,Learning how to use C++ Coding language for Internet of Things applications,,,M,Can be good for broader C Applications but is not a basic learning to code in C Course 
C/C++,In Person Courses / Structured Learning Paths,Advanced,Colorado State University: Microcontrollers and C for Internet-of-Things,Steve Undy,ECE 253,ECE 102 / ECE 252,2,Y,Practicing C Coding for using micocontrollers and IOT applications,,,M,Same concerns with other IOT C course 
Excel,In Person Courses / Structured Learning Paths,Beginner,Colorado State University: Information Management for Sustainability,Steven Fassnacht,ESS 129,None,1,Y,Introducing onself to excel software ,,,Y,
N/A,Online Couress / Structured Learning Paths,Advanced,Colorado State University: Advanced Snow Hydrology,Steven Fassnacht,WR 574 ,CIVE 322 / ENVE 322 / WR 416,,Y,Modeling snow hydrology as well as measuring state and change rates in the hydrological cycle ,WR 574,https://online.colostate.edu/courses/WR/WR574.dot,M,
Geospatial,Online Couress / Structured Learning Paths,Intermediate,Colorado State University: Systems Sensing and Imaging Analysis,Steven Simske,SYSE 512,ECE 303 / STAT 303 / STAT 315 ,1,Y,Learning to transmite physical data to online data,,https://online.colostate.edu/courses/SYSE/SYSE512.dot,M,"Focuses on image analysis and Sensing. However, it doesn't seem closely related to GIS specifically. "
AI,Online Courses / Structured Learning Paths,Advanced,Colorado State University: Embedded Systems and Machine Learning,Sudeep Pasricha,"CS 528, ECE 528 ",CS 250 / CS 270 / ECE 251 / ECE 253 ,2,Y,Understanding diverse applications of machine learning and deep learning,CS 528,https://online.colostate.edu/courses/CS/CS528.dot,M,Anothe speciifc AI application that may not be accesible due to how specific it is in the masters curriculum.
N/A,In Person Courses / Structured Learning Paths,Intermediate,Colorado State University: Bioinformatics and Genomics (Paywalled),Tai Montgomery,BZ 360,BZ 110 / BZ 120 / LIFE 102,,Y,Learning about programming Concepts with real world applications,,,M,
Python,In Person Courses / Structured Learning Paths,Advanced,Colorado State University: Genomics Data Analysis in Python,Tai Montgomery,DSCI 511,"DSCI 510 , Graduate ",1,Y,Learning how to analyze complex biological datasets with python,,,Y,"Masters barrier, may also be to specific for most coding students "
AI,In Person Courses / Structured Learning Paths,Beginner,Colorado State University: Advances in Financial Technology,Tianyang Wang ,FIN 531,BUS 641 / FINE 655 ,1,Y,Developing skills in using machine learning for finance applications,,,M,Application of AI 
Geospatial,In Person Courses / Structured Learning Paths,Intermediate,Colorado State University: Mapping Diverse Perspectives in Conservation,Trent Pearce,FW 310,None ,1,Y,Learning to use GIS techniques for collaborative conservation applications,,,Y,Same issue with specific applications. Could be used but it will not be tailored for everyone. 
HPC,Online Couress / Structured Learning Paths,Intermediate,Colorado State University: Software Development,Vidya Gaddy,CS 214 ,CS 165 ,1,Y,Practicing building software systems,CS 214,https://online.colostate.edu/courses/CS/CS214.dot,M,"Seems like a good course for our processor codes, not specific which code is used "
Python,Online Couress / Structured Learning Paths,Intermediate,Colorado State University: Discrete Structures and the Applications ,Vidya Gaddy,CS 220,CS 152 / CS 162 / CS 163 / CS 164 nad MATH 155 / MATH 156 / MATH 159 / MATH 160 ,1,Y,Applying python to integers and functions,CS 220,https://online.colostate.edu/courses/CS/CS220.dot,Y,Same issue as above. Could be a good foundational python course for math and data related purposes though 
SQL,Online Couress / Structured Learning Paths,New to Programming,Colorado State University: Data Wrangling,Vidya Gaddy,dsci 235,"CS 150B / CS 152 , CS 165 ",2,Y,Getting foundational knowledge related to data cleaning and management,DSCI 235,https://online.colostate.edu/courses/DSCI/DSCI235.dot,Y,Good course for understanding foundational data management skills 
Bash,Online Couress / Structured Learning Paths,Advanced,Colorado State University: Information Systems Essentials,Xinran Wang,CIS 606,None ,1,Y,Learning software development,CIS 606,https://online.colostate.edu/courses/CIS/CIS606.dot,Y,Barrier of it being a masters CIS course. Good advanced course 
,,,,,,,,,,,,,
Excel,Online Couress / Structured Learning Paths,New to Programming,Colorado State University: Working With Data,Yuulin An,ECON 235 ,None ,1,Y,Learning to use excel for data management,ECON 235,https://online.colostate.edu/courses/ECON/ECON235.dot,Y,
N/A,Online Couress / Structured Learning Paths,Beginner,Colorado State University Design Thinking Toolbox: 3d Animation and Storytelling,Brendan Kelley,IDEA 310Q,None,2,Y,Using 3d modeling and animation,IDEA 310Q,https://online.colostate.edu/courses/IDEA/IDEA310Q.dot,,
R,In-Person Courses / Structured Learning Paths,Intermediate,Colorado State University: R Programming: Research II,Brooke Anderson,ERHS 576B ,"ERHSA / ERHS581A3, Graduate",,Y,,,,,
AI,Online Courses / Structured Learning Paths,Intermediate,Colorado State University: Analytics and AI in Business,Zisu Wang,,,2,Y,Learning Introductory Machine Learning and Data analysis skills,CIS 370,https://online.colostate.edu/courses/CIS/CIS370.dot,Y,Good undergrad coures but we have some similar courses already. Can choose between these and our other CSU and non CSU Courses 
Matlab,Online Courses / Structured Learning Paths,Intermediate,Colorado State University: Mechancial Engineering Computational Methods,Ciprian Dumitrache,MECH 305,MATH 340,1,Y,"Applying numerical methods, programming, and machine learning to mechanical engineering",MECH 305,https://online.colostate.edu/courses/MECH/MECH305.dot,,
R,In-Person Courses / Structured Learning Paths,Advanced,Colorado State University: Advanced Topics in Chemical Analysis: Statistical Analysis in Analytical Chemistry,Megan Willis ,CHEM 530D,CHEM 431,1,Y,,,,,
R,In-Person Courses / Structured Learning Paths,Intermediate,Colorado State University: Watershed Measurements,Kira Puttenney,WR 417,"WR 204 , WR 416 ",1,Y,,,,,
R,Applied / Domain-Specific Resources,Advanced,CUAHSI Hydroinformatics Portal,CUAHSI,N/A,N/A,1,N,Water data science; hydroinformatics,,https://water-content-portal.cuahsi.io/hydroinformatics/,M,Appears to be a good source of information but it may be to specific 
Matlab,Online Couress / Structured Learning Paths,Intermediate,Data Analysis in Matlab ,Matlab Help Center ,N/A,N/A,1,N,Learning how to analyze complex datasets for broad applications,https://matlabacademy.mathworks.com/details/data-analysis-in-matlab/lpmldam,https://matlabacademy.mathworks.com/details/data-analysis-in-matlab/lpmldam,Y,Excelent for learning how to apply matlab concepts 
C/C++,Applied / Domain-Specific Resources,Advanced,Dharma Hoy: Github,Dharma Hoy,N/A,N/A,1,N,Using C++ to create a github package,dharmahoy/STAT600-HW1-SimpLinHoy: Creation of SimpLin Rcpp package for STAT 600 HW1,https://github.com/dharmahoy/STAT600-HW1-SimpLinHoy,M,"Code was mainly for the use of sharing a package but this has the package creation code and accessing within it, could be a little confusing for some. "
Geospatial,Applied / Domain-Specific Resources,Intermediate,Dharma Hoy: Github,Dharma Hoy,N/A,N/A,2,N,Use R studio for various GIS and game making applications,dharmahoy/STAT600-HW1-SimpLinHoy: Creation of SimpLin Rcpp package for STAT 600 HW1,https://github.com/dharmahoy/STAT600-HW1-SimpLinHoy,M,"May be to specific of an R application, howver it promises strong coding benefits "
Python,Books / eBooks,Intermediate,Dive Into Python 3,Mark Pilgrim,N/A,N/A,2,N,Deepening your understanding of Python,https://diveintopython3.net/,https://diveintopython3.net/,Y,Has material ranging from installling python to case study applications 
C/C++,Applied / Domain-Specific Resources,Advanced,dsoprea: github,dsoprea:github ,N/A,N/A,1,N,Using C++ to filter through a website for key information ,"dsoprea/QtExample: A QT C++ development example showcasing API access, webpage embedding, webpage content analysis, GPS polling, and Bluetooth scanning.",https://github.com/dsoprea/QtExample,Y,Good C course that may also have some SQL Applications 
Bash,Books / eBooks,Intermediate,dylanaraps: Github,dylanaraps,N/A,N/A,1,N,Using built in bash processes to make codes run more efficient and reduce depencies on scripts ,dylanaraps/pure-bash-bible: 📖 A collection of pure bash alternatives to external processes.,https://github.com/dylanaraps/pure-bash-bible,Y,"This is the Bash Bible, can be good for upper level Bash learning but may be overwhelming for initial learning "
Geospatial,Applied / Domain-Specific Resources,Beginner,Elizabeth Tulanowski: Github ,Elizabeth Tulanowski,N/A,N/A,1,N," Learning foundational python skills, including data analysis and data acquisition ",hethbill/PythonSamples: Simple Python samples to share with students,https://github.com/hethbill/PythonSamples,M,Excelent instructor with beneficial materials. Not course oriented though 
R,Books / eBooks,Intermediate,Ellison Carter: Google Scholar,Ellison Carter,N/A,N/A,1,N,Learning air pollutation tracking concepts,‪Ellison Carter‬ - ‪Google Scholar‬,https://scholar.google.com/citations?user=q0hxm_gAAAAJ&hl=en,M,Research Paper may not contain all necessary code 
HPC,Applied / Domain-Specific Resources,Advanced,Erin Nishimura: github,Erin Nishimura,N/A,N/A,1,N,Learning how to create scripts and analyzing data for biological applications,"erinosb/RAS-MAPK-Mitosis: Companion scripts, software, and data analysis to: Hyper-active RAS/MAPK introduces cancer-specific mitotic vulnerabilities",https://github.com/erinosb/RAS-MAPK-Mitosis,M,"Specific application, may not be fully applicable to learning HTML code "
N/A,Applied / Domain-Specific Resources,Advanced,Erin Nishimura: github,Erin Nishimura,N/A,N/A,,N,Learning biological coding appllications from CSU DSCI 512 course,"erinosb/2024_RNAseq_PE_array: DSCI512: 2024: Course pipeline with quality control, alignment, tabulation, and format conversion for paired-end, short read RNA-seq projects. New this year - run in ARRAY format",https://github.com/erinosb/2024_RNAseq_PE_array,M,
Geospatial,Books / eBooks,Beginner,Essentials of Geographic Information Systems,Open Textbook LIbrary,N/A,N/A,1,N,Introductory book for mapping and GIS ,Essentials of Geographic Information Systems - Open Textbook Library,https://open.umn.edu/opentextbooks/textbooks/67,Y,Excellent all around introductory geospatial material 
HTML,Applied / Domain-Specific Resources,Intermediate,Evan Anspach: Github,Evan Anspach,N/A,N/A,1,N,Understanding HTML Code and how it can be used ,Abalone/README.md · master · Data Science Dojo / datasets · GitLab,https://code.datasciencedojo.com/datasciencedojo/datasets/-/blob/master/Abalone/README.md?ref_type=heads,M,"Good course, we will need to look at the different HTML courses we have. "
Python,Applied / Domain-Specific Resources,Beginner,Evan Anspach: Github,Evan Anspach,N/A,N/A,1,N,Practicing Python Code ,https://github.com/Evanans/CS150B-Lab-Instructions,https://github.com/Evanans/CS150B-Lab-Instructions,Y,Good to practice python related skillls 
Excel,Applied / Domain-Specific Resources,Beginner,Excel Functions: Complete List by Category,Spreadsheet Planet ,N/A,N/A,1,N,Learning about different types of excel functions ,Excel Functions: Complete List by Category,https://spreadsheetplanet.com/excel-functions/,Y,Very nice introductory cmaterial 
Python,Documentation / Reference / Practice,Beginner,GeeksforGeeks Python Tutorial,GeeksforGeeks,N/A,N/A,2,N,Getting a general overview of python coding,https://www.geeksforgeeks.org/python/python-programming-language-tutorial/,https://www.geeksforgeeks.org/python/python-programming-language-tutorial/,M,May not contain a ton of information like some other resources 
Unix,Books / eBooks,New to Programming,GeeksforGeeks: Introduction to Unix System,GeeksforGeeks,N/A,N/A,1,N,Developing a basic understanding of Unix Code,what is Unix Coding - Search,https://www.bing.com/search?q=what+is+Unix+Coding&cvid=1bf74d737239436b960c2113f79702a8&gs_lcrp=EgRlZGdlKgYIABBFGDkyBggAEEUYOTIGCAEQABhAMgYIAhAAGEAyBggDEAAYQDIGCAQQABhAMgYIBRAAGEAyBggGEAAYQDIGCAcQABhAMgcICBDrBxhA0gEIMjI2NWowajmoAgiwAgE&FORM=ANAB01&PC=DCTS&source=chrome.ob,Y,All Unix Courses are good for intro level Unix coding. I am working on finding more advanced applications. 
Geospatial,Applied / Domain-Specific Resources,Beginner - Advanced,Geo University Online Platform (Pay Wall) ,Geo University,N/A,N/A,1,N,Accessing any and all GIS materials ,GIS and Earth Observation University,https://www.geo.university/,Y,Wide array of GIS materials for all levels of learning. courses inside are specific to  certain concepts. 
Geospatial,Video Courses / Structured Learning Paths,Beginner,Geospatial Data Science with R ,Watch&Learn with Dr. XP,N/A,N/A,1,N,Learning to use R Studio for GIS applications ,Video Trailer: Geospatial Data Science with R (Online Course),https://www.youtube.com/watch?v=sDYUUzyaUM8&list=PLn_S1vjm5cr29NH4BwcgG-K31_VG6dgtm,Y,Good for learning more intermediate applications of R 
Bash,Online Couress / Structured Learning Paths,Beginner,Getting Started Off - Platform for Data Science,Code Academy ,N/A,N/A,1,N,Using Bash to work on data science related work on your computer ,,,Y,Relevant course material for our purposes in BASH 
Geospatial,Applied / Domain-Specific Resources,Beginner,GIS Basics (Log in required) ,ESRI,N/A,N/A,1,N,Learning basic GIS skills via ArcGIS ,GIS Basics | Esri Training Web Course,https://www.esri.com/training/catalog/5d9cd7de5edc347a71611ccc/gis-basics/,Y,Exceelent introductory course for GIS 
Geospatial,Online Couress / Structured Learning Paths,Intermediate,GIS For Natural Resource Management,University of Minnesota,N/A,N/A,2,N,Accessing supplementary course materials on GIS ,FNRM 3131 (On-line) - GIS For Natural Resource Management | GIS Courses,https://giscourses.cfans.umn.edu/fnrm3131,Y,This is a very good couse for GIS that is not paywalled 
R,Online Couress / Structured Learning Paths,Beginner,Guarav Jetly: Github,Guarav Jetly,N/A,N/A,2,N,Accessing foundational tools for R through workshop ,gauravjetley/R-Programming-workshop,https://github.com/gauravjetley/R-Programming-workshop,Y,very nice R concept introduction 
Matlab,Applied / Domain-Specific Resources,Advanced,Hack Your Carbon Impact Workshop: Carbon Footprint Calculator & Action Tracker,werixx1,N/A,N/A,2,N,Learning how to utilize Matlab for climate action applications,,https://github.com/werixx1/CarbonImpactTracking_MATLAB_EXPO_2025,Y,"Can serve as a good example application of Matlab, has tutorial information as well "
Matlab,Online Couress / Structured Learning Paths,Beginner,Handle Inconsistent and Unstructured Data Files ,Matlab Help Center ,N/A,N/A,1,N,Learning how to clean data and make it organized ,https://matlabacademy.mathworks.com/details/handle-inconsistent-and-unstructured-data-files/lpmlhiu,https://matlabacademy.mathworks.com/details/handle-inconsistent-and-unstructured-data-files/lpmlhiu,Y,Good data science related matlab courses 
R,Books / eBooks,Beginner,Hands-On Programming with R,Garrett Grolemund,N/A,N/A,1,N,Learning programming fundamentals in R,https://rstudio-education.github.io/hopr/,https://rstudio-education.github.io/hopr/,Y,Excellent introductory R materials 
AI,Applied / Domain-Specific Resources,Intermediate,Haonen Chen: Github,Haonen Chen,N/A,N/A,1,N,Learning to utilize software that assists with iterative development and AI review ,haonan16/duo,https://github.com/haonan16/duo,Y,Good AI Application that isn't paywalled! 
Geospatial,Applied / Domain-Specific Resources,Intermediate,Haonen Chen: Github,Haonen Chen,N/A,N/A,2,N,Learning to use Python for remote sensing and grounding applications using Mast3r software,haonan16 (Haonan Chen),https://github.com/haonan16,Y,May be to specific but can provide a good application for python and GIS 
Python,Applied / Domain-Specific Resources,Advanced,Haonen Chen: Github,Haonen Chen,N/A,N/A,1,N,Python applications for AI and robot learning,haonan16/duo,https://github.com/haonan16/duo,Y,Relevant and complex applications 
Python,Applied / Domain-Specific Resources,Advanced,Haonen Chen: Github,Haonen Chen,N/A,N/A,1,N,Utilizing Python to detect 2d Pixels in 3d spaces,haonan16/duo,https://github.com/haonan16/duo,M,May be to specific/complex of an applicaiton
Python,Applied / Domain-Specific Resources,Advanced,Haonen Chen: Github,Haonen Chen,N/A,N/A,2,N,Utilizing Python for robot learning,haonan16/duo,https://github.com/haonan16/duo,Y,Good advanced application of Python 
HTML,Online Couress / Structured Learning Paths,Intermediate,How to Deploy a Website,Code Academy ,N/A,N/A,1,N,Learning the different website deploying pages and how to use them ,How to Deploy a Website | Codecademy,https://www.codecademy.com/learn/deploy-a-website,Y,good for introductory coders to understand how to deploy websites for differnet purposes 
HPC,Online Couress / Structured Learning Paths,Beginner,HPC Lab: HPC Launch Workshop,HPC Lab,N/A,N/A,1,N,Learning HPC Code and best practices for using it ,launch-requirements – HPC Lab,https://hds-sandbox.github.io/HPC-lab/workshop/launch-requirements.html,Y,Good to provide a broad overview of HPC and generate coding fluency. Can open doors for applications of interest with students
HTML,Online Couress / Structured Learning Paths,Beginner - Advanced,HTML Learning Courses,Code Academy ,N/A,N/A,2,N,Accessing a wide range of HTMl courses and their applications ,Best HTML + CSS Courses & Tutorials | Codecademy,https://www.codecademy.com/catalog/language/html-css,M,Wide array of coding material! (Specific material is inside the webpage 
N/A,Applied / Domain-Specific Resources,Intermediate,Integrated Urban Water Modeling Platform,Mazdak Arabi,N/A,N/A,,N,Modeling applications for mass balance approaches,Integrated Urban Water Modeling Platform – CSU STRATA,https://csustrata.org/technology-transfer/available-technology/integrated-urban-water-modeling-platform/,M,Advanced and specific application for modeling 
SQL,Online Couress / Structured Learning Paths,Beginner,Intro to SQL,Code Academy,N/A,N/A,2,N,Learning basic SQL Skills ,Learn SQL: Aggregate Functions | Codecademy,https://www.codecademy.com/learn/learn-sql-aggregate-functions,Y,Good for introducing students to SQL and data management 
AI,Video Courses / Structured Learning Paths,Beginner,Introduction to Artificial Intelligence,Sage Campus,N/A,N/A,1,N,Accessing Fundamental AI skills ,https://classroom.sagepub.com/course/view.php?id=67,https://classroom.sagepub.com/course/view.php?id=67,Y,Good Free AI Intro Course to compete with CSU courses 
Unix,Online Couress / Structured Learning Paths,Beginner,Introduction to Linux ,Code Academy,N/A,N/A,1,N,Accessing all around basic linux environment introductions. ,,,M,Good to introduce students to Linux which is very similar to unix 
R,Books / eBooks,Beginner,Introduction to R,Multiple authors,N/A,N/A,2,N,Accessing Foundational concepts and basics of R,https://intro2r.com/,https://intro2r.com/,Y,Decent introductory materials 
R,Applied / Domain-Specific Resources,Beginner,Introduction to R Seminar,UCLA,N/A,N/A,1,N,"Accessing R material for downloading packages, vectors, datasets, variables,and work sharing document types ",Introduction to R Seminar,https://stats.oarc.ucla.edu/r/seminars/intro/,M,Very good slideshow for R basics but not much else 
Javascript,Online Couress / Structured Learning Paths,Beginner - Advanced,Java and Javascript Courses,Code Academy ,N/A,N/A,2,N,Accessing a wide array of Java and Javascript coding resources,,,M,Wide array of coding material! (Specific material is inside the webpage 
AI,Applied / Domain-Specific Resources,Advanced,Jeff Nieman: Github,Jeff Nieman,N/A,N/A,1,N,Learning how to apply code to AI and Modeling,jeff-niemann (Jeff Niemann),https://github.com/jeff-niemann/,M,Commonly types of modeling not clearly defined 
AI,Applied / Domain-Specific Resources,Intermediate,Jesse Burkhardt: Website ,Jesse Burkhardt ,N/A,N/A,1,N,Learning more about air pollution monitoring and econometric analysis,Jesse Burkhardt - Research,https://sites.google.com/site/burkhaj/home/research?authuser=0,M,Good course but it may be too specific and distantly related from our goals 
Python,Applied / Domain-Specific Resources,Advanced,Jesse Wilson: Github ,Jesse Wilson ,N/A,N/A,1,N, Learning Technical and Biological Python  Applications,wilsonjwcsu (Jesse Wilson),https://github.com/wilsonjwcsu,M,May be to specific of an application for python use 
Geospatial,Applied / Domain-Specific Resources,Intermediate,Jessica Oconnell: Github ,Jessica Oconnell,N/A,N/A,1,N,Using R for remote sensing applications,jloconnell (Jessica L O'Connell),https://github.com/jloconnell/,Y,Another good appolication for R and GIS that is more specific 
HTML,Applied / Domain-Specific Resources,Beginner,Jessica Oconnell: Github ,Jessica Oconnell,N/A,N/A,1,N,Creating a website with HTML Code,jloconnell/jloconnell.github.io: Code to generate projects page https://jloconnell.github.io,https://github.com/jloconnell/jloconnell.github.io,Y,Another good course for learing to create websites with HTML code 
N/A,Applied / Domain-Specific Resources,Beginner,JMP: Statistical Discovery ,JMP,N/A,N/A,,N,Learning to use JMP coding software for dataset analysis ,https://www.bing.com/ck/a?!&&p=08c97528ceeaaaaff317b0fbcbc4ad21c994bbbaf4b352153a9bfa16873e77e4JmltdHM9MTc3OTc1MzYwMA&ptn=3&ver=2&hsh=4&fclid=2a68803d-d7c7-641b-3466-96e4d6066551&psq=what+coding+does+JMP+software+use&u=a1aHR0cHM6Ly93d3cuam1wLmNvbS9jb250ZW50L2RhbS9qbXAvZG9jdW1lbnRzL2VuL3N1cHBvcnQvam1wMTgyL3NjcmlwdGluZy1ndWlkZS5wZGY,https://www.bing.com/ck/a?!&&p=08c97528ceeaaaaff317b0fbcbc4ad21c994bbbaf4b352153a9bfa16873e77e4JmltdHM9MTc3OTc1MzYwMA&ptn=3&ver=2&hsh=4&fclid=2a68803d-d7c7-641b-3466-96e4d6066551&psq=what+coding+does+JMP+software+use&u=a1aHR0cHM6Ly93d3cuam1wLmNvbS9jb250ZW50L2RhbS9qbXAvZG9jdW1lbnRzL2VuL3N1cHBvcnQvam1wMTgyL3NjcmlwdGluZy1ndWlkZS5wZGY,M,Could be a good course but it's not the coding languages were looking for 
R,Books / eBooks,Beginner,John Volckens: Coursebook,John Volckens,N/A,N/A,1,N,Learning a wide array of R concepts ,https://smogdr.github.io/edar_coursebook/,https://smogdr.github.io/edar_coursebook/,Y,Good for getting comfortable with R concepts that are for beginners as well as advanced coders 
Geospatial,Applied / Domain-Specific Resources,Intermediate,Kai Jeffreys : Github ,Kai Jeffreys,N/A,N/A,1,N,Learning to use Python to build raster layers ,https://github.com/kaijeffreys/ForestedWetlands,https://github.com/kaijeffreys/ForestedWetlands,Y,Good application for GIS Services with python 
Geospatial,Applied / Domain-Specific Resources,Intermediate,Kai Jeffreys : Github ,Kai Jeffreys,N/A,N/A,2,N,Building raster layers using R,https://github.com/kaijeffreys/WIP,https://github.com/kaijeffreys/WIP,Y,good specific R application for GIS 
HTML,Applied / Domain-Specific Resources,Beginner,Kai Jeffreys : Github ,Kai Jeffreys,N/A,N/A,1,N,Building a repository,short_lab4/short-lab-04_github.Rmd at main · kaijeffreys/short_lab4,https://github.com/kaijeffreys/short_lab4/blob/main/short-lab-04_github.Rmd,Y,Code provides information on how to get set up on github but not much infromation on how to build a full repo 
Excel,Applied / Domain-Specific Resources,Intermediate,Kawser Ahmed,Excel Demy ,N/A,N/A,2,N,Understanding how to write VBA Code,How to Write VBA Code in Excel (With Easy Steps) - ExcelDemy,https://www.exceldemy.com/how-to-write-vba-code-in-excel/,Y,Another good course for learning to use VBA code in excel. 
Python,Video Courses / Structured Learning Paths,New to Programming,Khan Academy ‚Äì Intro to Python,Khan Academy,N/A,N/A,1,N,Introducing oneself to python  ,https://www.khanacademy.org/computing/intro-to-python-fundamentals,https://www.khanacademy.org/computing/intro-to-python-fundamentals,Y,Newbie programmers and coders 
C/C++,Online Couress / Structured Learning Paths,Beginner,Learn C,Code Academy ,N/A,N/A,2,N,Learning how to use C coding,,,Y,Introduction to C coding 
N/A,Online Couress / Structured Learning Paths,New to Programming,Learn how to Code,Code Academy ,N/A,N/A,1,N,Learning the coding basics ,Learn How to Code | Codecademy,https://www.codecademy.com/learn/learn-how-to-code,Y,good course for brand new programmers 
HTML,Online Couress / Structured Learning Paths,Beginner,Learn HTML,Code Academy ,N/A,N/A,1,N,Learning the HTML coding basics,Learn HTML Code | Codecademy,https://www.codecademy.com/learn/learn-html,Y,Another good intrroduction course for HTML 
HTML,Online Couress / Structured Learning Paths,Beginner,Learn HTML: Fundamentals,Code Academy ,N/A,N/A,2,N,Fundamental HTML applications for website purposes ,Learn HTML: Fundamentals | Codecademy,https://www.codecademy.com/learn/learn-html-fundamentals,Y,good for accessing webiste applications of HTML and how to do so. 
C/C++,Online Couress / Structured Learning Paths,Intermediate,Learn Intermediate C++ ,Code Academy ,N/A,N/A,1,N,Understanding more complex C++ Concepts beyond introduction,,,Y,good advanced material for C coding 
C/C++,Online Couress / Structured Learning Paths,Intermediate,Learn Object Oriented Programming with C++,Code Academy ,N/A,N/A,1,N,Learning Object Oriented Progamming concepts with C++,,,Y,good advanced material for C coding 
SQL,Online Couress / Structured Learning Paths,Beginner,Learn SQL,Code Academy ,N/A,N/A,1,N,Learning introductory SQL Concepts and Skills ,Learn SQL: Multiple Tables | Codecademy,https://www.codecademy.com/learn/learn-sql-multiple-tables,Y,Good for introducing students to SQL and data management 
SQL,Online Couress / Structured Learning Paths,Intermediate,Learn SQL: Aggregate Functions,Code Academy,N/A,N/A,1,N,Applying SQL Functions to perform calculations ,,https://www.codecademy.com/learn/learn-sql-aggregate-functions,Y,Excellent application of SQL 
SQL,Online Couress / Structured Learning Paths,Beginner,Learn SQL: Multiple Tables,Code Academy,N/A,N/A,1,N,Joining and working with multlipe different tables in SQL ,Learn SQL: Multiple Tables | Codecademy,https://www.codecademy.com/learn/learn-sql-multiple-tables,Y,More intermediate applications of SQL for student learning 
Bash,Online Couress / Structured Learning Paths,Beginner,Learn the Command line ,CodeAcademy,N/A,N/A,1,N,learning to use the command line for file management,Learn the Command Line | Codecademy,,Y,Good concepts for using BASH 
Python,Video Courses / Structured Learning Paths,Beginner - Advanced,LinkedIn Learning ‚Äì Python Courses (paywalled),LinkedIn Learning,N/A,N/A,2,N,Structuring Career Learning and Associating it with python related skills ,https://www.linkedin.com/learning/search?keywords=python,https://www.linkedin.com/learning/search?keywords=python,M,Paywalled python course 
Bash,Books / eBooks,Intermediate,LinuxConfig: Bash Scripting Tutorial For Beginners,LinuxConfig,N/A,N/A,1,N,Understanding the basics of Bash Scripts ,Bash Shell Scripting: A Beginner's Guide,https://linuxconfig.org/bash-scripting-tutorial-for-beginners,Y,Most Bash resources seemd more introductory. It was difficult to find advanced applications but these will be good resources to learn the code 
Python,Applied / Domain-Specific Resources,Advanced,Logan Seabolt: Github,Logan Seabolt,N/A,N/A,1,N,Applying Python Code to Research,Logan-Seabolt-Research/Testzone.py at main · Logan-Seabolt/Logan-Seabolt-Research,https://github.com/Logan-Seabolt/Logan-Seabolt-Research/blob/main/Testzone.py,Y,Good example application for python focused on research. 
Python,Applied / Domain-Specific Resources,Beginner,Logan Seabolt: Github ,Logan Seabolt ,N/A,N/A,1,N,Practicing If-Statements ,Logan-Seabolt/Lab04ChoicesRamDesk: Data type/Control Flow aplication lab,https://github.com/Logan-Seabolt/Lab04ChoicesRamDesk,Y,Good Python skill that is applicable to other coding languages and softwares 
Matlab,Applied / Domain-Specific Resources,Beginner,Mathworks: Matlab help center,Mathworks ,N/A,N/A,1,N,"Learning how to use Matlab programming, scripts, arrays, and visualizations",Get Started with MATLAB,https://www.mathworks.com/help/matlab/getting-started-with-matlab.html,Y,Good for learning matlab concepts with a prior understanding of how to use matlab 
Matlab,Applied / Domain-Specific Resources,Intermediate,MATLAB and it's applications for data science and machine learning ,Marco Giancola,N/A,N/A,1,N,Learning about matlab data applications and how to use them ,(24) MATLAB and its applications in Data Science and Machine Learning | LinkedIn,https://www.linkedin.com/pulse/matlab-its-applications-data-science-machine-learning-marco-giancola-letyf/,Y,Good for applying matlab to data based applications. 
Matlab,Online Couress / Structured Learning Paths,Intermediate,Matlab desktop tools and troubleshooting scripts ,Matlab Help Center ,N/A,N/A,1,N,Troubleshooting scripts and optimizing your work environment ,https://matlabacademy.mathworks.com/details/matlab-desktop-tools-and-troubleshooting-scripts/otmldts,https://matlabacademy.mathworks.com/details/matlab-desktop-tools-and-troubleshooting-scripts/otmldts,Y,Good debugging centered course 
Matlab,Online Couress / Structured Learning Paths,Advanced,Matlab skills for simulink modeling ,Matlab Help Center ,N/A,N/A,1,N,Learning how to use simulink workflows ,https://matlabacademy.mathworks.com/details/matlab-skills-for-simulink-modeling/lpmlssm,https://matlabacademy.mathworks.com/details/matlab-skills-for-simulink-modeling/lpmlssm,Y,Good to learn an important application of Matlab 
Unix,Video Courses / Structured Learning Paths,Intermediate,Maximus Mcollough: Setting up Multiple Display Monitors and Settings in Linux ,Maximus Mcollough ,N/A,N/A,1,N,Learning how to connect multiple monitors to one laptop with Unix ,https://www.bing.com/ck/a?!&&p=7e547513dbcc583058822801d5ed58d492b7c4f546c9047e646f5d0bbdae9523JmltdHM9MTc3OTg0MDAwMA&ptn=3&ver=2&hsh=4&fclid=2a68803d-d7c7-641b-3466-96e4d6066551&u=a1L3ZpZGVvcy9yaXZlcnZpZXcvcmVsYXRlZHZpZGVvP3E9Q29ubmVjdGluZyttdWx0aXBsZSttb25pdG9ycyt1c2luZyt1bml4Jm1pZD1CQkY4MjhGODI5QjA3QzlEREJEMkJCRjgyOEY4MjlCMDdDOUREQkQyJmNodXJsPWh0dHBzJTNhJTJmJTJmd3d3LnlvdXR1YmUuY29tJTJmY2hhbm5lbCUyZlVDZGR3dkJYNVJJbXRYVzlXcHBaYk5NdyZGT1JNPVZJUkU,https://www.bing.com/ck/a?!&&p=7e547513dbcc583058822801d5ed58d492b7c4f546c9047e646f5d0bbdae9523JmltdHM9MTc3OTg0MDAwMA&ptn=3&ver=2&hsh=4&fclid=2a68803d-d7c7-641b-3466-96e4d6066551&u=a1L3ZpZGVvcy9yaXZlcnZpZXcvcmVsYXRlZHZpZGVvP3E9Q29ubmVjdGluZyttdWx0aXBsZSttb25pdG9ycyt1c2luZyt1bml4Jm1pZD1CQkY4MjhGODI5QjA3QzlEREJEMkJCRjgyOEY4MjlCMDdDOUREQkQyJmNodXJsPWh0dHBzJTNhJTJmJTJmd3d3LnlvdXR1YmUuY29tJTJmY2hhbm5lbCUyZlVDZGR3dkJYNVJJbXRYVzlXcHBaYk5NdyZGT1JNPVZJUkU,Y,Beneficial and interesting application for Unix 
C/C++,Applied / Domain-Specific Resources,New to Programming,Medium: A Beginners Guide to Understanding C Programming for Web Developers ,Medium,N/A,N/A,1,N,Learning the Basics of C Programming ,A Beginner’s Guide to Understanding C Programming for Web Developers | by Ayusharpcoder | Medium,https://medium.com/@ayusharpcoder/a-beginners-guide-to-understanding-c-programming-for-web-developers-a9912ab967ad,Y,"Good Introductory Course, may require basic coding knowledge before diving in though "
SQL,Books / eBooks,Intermediate,Medium: Top 15 SQL Query Techniques for Big Datasets,Medium,N/A,N/A,1,N,Understanding Best Practcies for SQL Coding ,Top 15 SQL Query Optimization Techniques for Big Datasets | by Code With Hannan | Medium,https://medium.com/@CodeWithHannan/top-15-sql-query-optimization-techniques-for-big-datasets-6d808745fa98,Y,Good for introductory programmers of all varieties 
Python,Applied / Domain-Specific Resources,Beginner,Michael Kirby,Michael Kirby,N/A,N/A,1,N,Accessing Various tools for solutions for google platform products,https://github.com/michael-kirby/professional-services,https://github.com/michael-kirby/professional-services,M,"May not be applicable to all softwares, may also not provide many coding resources "
Bash,Video Courses / Structured Learning Paths,Beginner,Miicrosoft Developer: Bash for Beginners,Microsoft,N/A,N/A,1,N,"Getting the basics of bash coding and some important applications, shell",Bash for Beginners Series by Microsoft Developer - Search Videos,https://www.bing.com/videos/search?q=Bash+for+Beginners+Series+by+Microsoft+Developer&FORM=VRPATC,Y,20 Part Video Series teaching BASH Coding that will give students a strong foudnation for future work 
R,Applied / Domain-Specific Resources,Beginner,Mike Johnson: Github,Mike Johnson,N/A,N/A,1,N,"Building a website using R, as well as accessing R Code for water based applications","mikejohnson51 (Mike Johnson), https://mikejohnson51.github.io/csu-ess-330/",https://github.com/mikejohnson51,Y,"Github Repository contains ESS 330 webpage which was r coding information on it, github repo has many other sources of information for R. May be too advanced for most. "
Python,Video Courses / Structured Learning Paths,New to Programming,MIT ‚Äì Introduction to Computer Science and Programming in Python,MIT OpenCourseWare,N/A,N/A,2,N,Strong programming foundations; CS thinking,https://ocw.mit.edu/courses/6-0001-introduction-to-computer-science-and-programming-in-python-fall-2016/video_galleries/lecture-videos/,https://ocw.mit.edu/courses/6-0001-introduction-to-computer-science-and-programming-in-python-fall-2016/video_galleries/lecture-videos/,Y,Good for providing strong programming foundations. 
Matlab,Online Couress / Structured Learning Paths,Intermediate,Model Dynamic Systems,Matlab Help Center ,N/A,N/A,1,N,Learning to build models in matlab,https://matlabacademy.mathworks.com/details/model-dynamic-systems/otslmds,https://matlabacademy.mathworks.com/details/model-dynamic-systems/otslmds,Y,Excelent advanced matlab concept 
C/C++,Applied / Domain-Specific Resources,Intermediate,nkrishnaswamy,Nikhil Krishnaswam,N/A,N/A,1,N,Using C code to orient and locate objects from files and do large computations,nkrishnaswamy/ecicomposer: Brandeis ECI Composer project,https://github.com/nkrishnaswamy/ecicomposer,Y,Good advaned application for C Coding 
HTML,Applied / Domain-Specific Resources,Advanced,nkrishnaswamy,Nikhil Krishnaswam,N/A,N/A,1,N,Using HTML Code for 3d modeling purposes ,"nkrishnaswamy/lbsrmodeling: 3D Modeling for LBSR Lab, Brandeis University",https://github.com/nkrishnaswamy/lbsrmodeling,Y,HTML Section needs more information focused on how to code in HTMLbut it's a good application 
Python,Applied / Domain-Specific Resources,Advanced,nkrishnaswamy,Nikhil Krishnaswam,N/A,N/A,1,N,Reading some applications of python code,,https://github.com/nkrishnaswamy/thesis-docs-utils/tree/master/utils/preprocessing,M,May not contain enough coding training information for our purposes 
Python,Documentation / Reference / Practice,Beginner,Official Python Tutorial,Python Software Foundation,N/A,N/A,1,N,Mastering the core concepts of the python language ,https://docs.python.org/3/tutorial/,https://docs.python.org/3/tutorial/,M,Decent textbook. Students may need more rpactice and visual instruction though 
Bash,Books / eBooks,Intermediate,onceupon: Github,onceupon ,N/A,N/A,2,N,Accessing 1 Line bash codes for efficiency,onceupon/Bash-Oneliner: A collection of handy Bash One-Liners and terminal tricks for data processing and Linux system maintenance.,https://github.com/onceupon/Bash-Oneliner,Y,Could be good once students learn how to use BASH 
Matlab,Online Couress / Structured Learning Paths,Intermediate,Organize Tabular data in matlab,Matlab Help Center ,N/A,N/A,2,N,Learning how to work with table data in matlab,Organize Tabular Data in MATLAB | Self-Paced Online Courses - MATLAB & Simulink,https://matlabacademy.mathworks.com/details/organize-tabular-data-in-matlab/lpmlotd,M,Other resources are more robust with data managment and analysis 
Matlab,Applied / Domain-Specific Resources,Advanced,petercorke:github ,petercorke,N/A,N/A,1,N,Bringing robotics computations into MATLAB ,petercorke/robotics-toolbox-matlab: Robotics Toolbox for MATLAB,https://github.com/petercorke/robotics-toolbox-matlab,Y,Strong advanced application of matlab 
R,Applied / Domain-Specific Resources,Beginner - Advanced,Posit Cloud: R Recipes,Posit,N/A,N/A,1,N,Accessing coding examples of R for learning,https://posit.cloud/learn/recipes,https://posit.cloud/learn/recipes,Y,good online resource that has example code. 
HTML,Applied / Domain-Specific Resources,Intermediate,Pravinraja: Github,Pravinraja,N/A,N/A,2,N,Using HTML to create a a website and the necessary components for images and videos ,https://github.com/Pravinraja/Html-and-css-web-development-website-creation-/blob/master/page1.html,https://github.com/Pravinraja/Html-and-css-web-development-website-creation-/blob/master/page1.html,M,"Good Example of HTML coding applications, doesn't provide much how-to information though "
Geospatial,Video Courses / Structured Learning Paths,Intermediate,Programming for GIS 1 - ArcPy,Elizabeth Tulanowski,N/A,N/A,1,N,Learning to use ArcPy and Python for GIS,NR426 - Programming for GIS I - arcpy - YouTube,https://www.youtube.com/playlist?list=PLDX1ZtgI1MQjvYdHP7iT6cPNplSTE6Hgy,Y,Good free alternative to ESRI Courses 
Matlab,Online Couress / Structured Learning Paths,Intermediate,Programming in Matlab,Matlab Help Center,N/A,N/A,2,N,Learning to Debug matlab coding and increase efficiency,Self-Paced Online Courses - MATLAB & Simulink,https://matlabacademy.mathworks.com/?page=1&fq=programming&sort=featured,Y,Good course to improve efficiency and good debugging habits 
Python,Online Couress / Structured Learning Paths,Intermediate,Programming with Python,The Carpentries,N/A,N/A,1,N,Learning to program with python for data science purposes ,http://swcarpentry.github.io/python-novice-inflammation,http://swcarpentry.github.io/python-novice-inflammation,Y,Good course to fulfill the purpose of this website 
Python,Applied / Domain-Specific Resources,Beginner - Advanced,Python Coding Resources,The Carpentries,N/A,N/A,2,N,Accessing a wide array of python coding resources ,The Carpentries Lessons | The Carpentries,https://carpentries.org/lessons/,Y,Very good coding courses and lessons for python 
Python,Online Couress / Structured Learning Paths,Intermediate,Python for Ecologists,The Carpentries,N/A,N/A,2,N,Learning how to analyze and visualize data in python for ecological applications ,https://datacarpentry.org/python-ecology-lesson/,https://datacarpentry.org/python-ecology-lesson/,M,A more specific application that may not be needed for everyone learning 
Geospatial,Video Courses / Structured Learning Paths,Intermediate,Python Foundation for Spatial Analysis,Multiple instructors (YouTube),N/A,N/A,2,N,Using python for spatial analysis ,https://www.youtube.com/playlist?list=PLppGmFLhQ1HJspXSA0asH9kw1OhlLrxHT,https://www.youtube.com/playlist?list=PLppGmFLhQ1HJspXSA0asH9kw1OhlLrxHT,M,May not be super structed but can be a good source for video coding resources 
Geospatial,Online Couress / Structured Learning Paths,Advanced,Python Scripting for Geoprocessing Workflows (Log in Required) ,ESRI,N/A,N/A,1,N,Learning to use Arcpy and python scripting for GIS processes,Python Scripting for Geoprocessing Workflows | Esri Training Web Course,https://www.esri.com/training/catalog/5763042c851d31e02a43ed84/python-scripting-for-geoprocessing-workflows/,Y,Excellent advanced GIS application 
Geospatial,Applied / Domain-Specific Resources,Beginner - Advanced,R as GIS for Economists,T. Mieno,N/A,N/A,1,N,Applying R To GIS concepts and application,https://tmieno2.github.io/R-as-GIS-for-Economists-Quarto/chapters/00-preface.html,https://tmieno2.github.io/R-as-GIS-for-Economists-Quarto/chapters/00-preface.html,Y,good course for combining R and GIS work 
R,Books / eBooks,Beginner - Advanced,R for Data Science,Hadley Wickham & Garrett Grolemund,N/A,N/A,2,N,Acessing R related textbook resources,https://r4ds.hadley.nz/,https://r4ds.hadley.nz/,Y,large book with a lot of good information 
R,Applied / Domain-Specific Resources,Beginner - Advanced,R for Spatial Analysis (GitHub),dcarver1,N/A,N/A,1,N,Using R for Geospatial analysis ,https://github.com/dcarver1/R_SC_Spatial,https://github.com/dcarver1/R_SC_Spatial,Y,Could be a good GIS application for R and we can access the code they use. 
R,Documentation / Reference / Practice,Intermediate,R Packages,Community-driven,N/A,N/A,1,N,Exploring available R packages,https://r-packages.io/packages,https://r-packages.io/packages,Y,Excellent intro R materials 
R,Documentation / Reference / Practice,Beginner - Advanced,R Statistics,Selva Prabhakaran,N/A,N/A,1,N,Exploring Practical examples and quick reference,https://r-statistics.co/,https://r-statistics.co/,M,We have multiple diferent r textbooks we can choose from 
R,Books / eBooks,Beginner,R Statistics Tutorial,R statistics,N/A,N/A,,N,Learning how to use R + RStudio and practicing,R Fundamentals - Coding Support Hub,,,
Python,Documentation / Reference / Practice,Intermediate,Real Python,Real Python Team,N/A,N/A,1,N,Programming with python for real world applications ,https://realpython.com/,https://realpython.com/,Y,good for understanding applications of python 
HTML,Applied / Domain-Specific Resources,Advanced,Remy Github: HTML5 demos,Remy ,N/A,N/A,2,N,Getting examples of how HTML can be used for demos and website creation ,remy/html5demos: Collection of hacks and demos showing capability of HTML5 apps,https://github.com/remy/html5demos,Y,Good source to show how HTML can be used in a diversity of ways. May be to informal for education 
HPC,Applied / Domain-Specific Resources,Advanced,Riviera 0.1.0,Riviera,N/A,N/A,1,N,learning to access hpcs and applying them to large scale concepts. ,,https://riviera-docs.readthedocs.io/en/latest/index.html,Y,Has good documentation and tutorial information 
N/A,Domain-Specific Resources,Intermediate,Ryan Bailey: CV,Ryan Bailey,N/A,N/A,,N,using models for hydroogy monitoring and nutrient tracking,Bailey_CV.pdf,https://www.engr.colostate.edu/ce/wp-content/uploads/2024/08/Bailey_CV.pdf,M,could be good for GIS concepts or any modeling 
Geospatial ,Applied / Domain-Specific Resources,Advanced,Ryan Smith: Remote Sensing Hydrology Research Group ,Ryan Smith,N/A,N/A,1,N,Applying remote sensing to hydrology applications,https://github.com/rg-smith,https://github.com/rg-smith,Y,A good geospatial application
Python,Video Courses / Structured Learning Paths,Intermediate,Sage Campus ‚Äì Intermediate Python Skills,Sage Campus,N/A,N/A,1,N,Applying coding to research based workflows ,https://classroom.sagepub.com/course/view.php?id=7,https://classroom.sagepub.com/course/view.php?id=7,Y,Good brobust application for coding resources 
Python,Video Courses / Structured Learning Paths,Beginner,Sage Campus ‚Äì Intro to Python,Sage Campus,N/A,N/A,1,N,Learning important concepts for python ,https://classroom.sagepub.com/course/view.php?id=12,https://classroom.sagepub.com/course/view.php?id=12,Y,Good introductory course for python that covers essential concepts 
R,Video Courses / Structured Learning Paths,New to Programming,Sage Campus: Introduction to R,Sage Campus,N/A,N/A,1,N,Introducing onself to R,https://classroom.sagepub.com/course/view.php?id=2,https://classroom.sagepub.com/course/view.php?id=2,Y,
R,Video Courses / Structured Learning Paths,Intermediate,Sage Campus: Practical Data Management in R,Sage Campus,N/A,N/A,1,N,Wrangling and managing data for ecological applications ,https://classroom.sagepub.com/course/view.php?id=8,https://classroom.sagepub.com/course/view.php?id=8,Y,very good introdcutory course material 
AI,Applied / Domain-Specific Resources,Beginner,Sarathsreedharan: Github ,Sarath Sreedharan,N/A,N/A,1,N, learning how to use machine learning,sarathsreedharan/CSU_CS_445,https://github.com/sarathsreedharan/CSU_CS_445,Y,Good option for free machine learning resources. From a CSU course 
AI,Applied / Domain-Specific Resources,Advanced,Sarathsreedharan: Github ,Sarath Sreedharan,N/A,N/A,2,N,Coding for machine learning,https://github.com/sarathsreedharan/ModelLearner,https://github.com/sarathsreedharan/ModelLearner,Y,These by Sarath would be good free options but may be a little more confusing then the courses 
Python,Domain-Specific Resources,Advanced,Sarathsreedharan: Github ,Sarath Sreedharan,N/A,N/A,1,N,Using Python to build AI and large scale modeling.,sarathsreedharan/simoorg: Simoorg,https://github.com/sarathsreedharan/simoorg,Y,Excellent advanced application for python relevant totoday
Python,Video Courses / Structured Learning Paths,New to Programming,Software Carpentry ‚Äì Python Novice Inflammation,Software Carpentry,N/A,N/A,2,N,Gaining a foundational knoweldge of scientific computing basics ,https://swcarpentry.github.io/python-novice-inflammation/,https://swcarpentry.github.io/python-novice-inflammation/,Y,Good for new programers 
Matlab,Online Couress / Structured Learning Paths,Advanced,Software Development in Matlab,Matlab help center,N/A,N/A,1,N,Learning to build user friendly applications in matlab,Self-Paced Online Courses - MATLAB & Simulink,https://matlabacademy.mathworks.com/?page=2&sort=featured,Y,Good applications for software development in MATLAB 
Geospatial,Applied / Domain-Specific Resources,Intermediate,"Spatial Data Science with R and ""terra""",Spatial Data Science,N/A,N/A,2,N,Learning to use GIS related R packages and R for various different branches of GIS,Spatial Data Science with R and “terra” — R Spatial,https://rspatial.org/index.html,Y,a more advvacned R course 
SQL,Online Couress / Structured Learning Paths,Beginner - Advanced,SQL Courses ,Code Academy,N/A,N/A,2,N,Accessing a Wide Array of SQL Resources,SQL Courses & Tutorials | Codecademy,https://www.codecademy.com/catalog/language/sql,M,Good amoutn of SQL related courses. May be overwhelming for some 
SQL,Books / eBooks,Beginner,SQL Tutorial,W3 Schools,N/A,N/A,1,N,Accessing important SQL commands and examples ,SQL Tutorial,https://www.w3schools.com/sql/default.asp,,
R,Applied / Domain-Specific Resources,Intermediate,Stacy Edmundson: Zoomcamp,Stacy Edumdson,N/A,N/A,1,N,Learning how to use R for dataengineering applications,Data Engineering Zoomcamp Notes | Stacy Edmondson,https://edmondsl.github.io/2022/03/15/DE-Zoomcamp-Notes.html,M,May be to specific of an R application 
Geospatial,Applied / Domain-Specific Resources,Advanced,Steve Leisz: ResearchGate,Steve Leisz,N/A,N/A,2,N,Learning geospatial applciations for land use vegetation change,https://www.bing.com/ck/a?!&&p=40a0976d9f2d06096e7db98bd82d04a64ab4fe7a9d6401e244269f9f21950b75JmltdHM9MTc3OTMyMTYwMA&ptn=3&ver=2&hsh=4&fclid=2a68803d-d7c7-641b-3466-96e4d6066551&psq=Steve+Leisz&u=a1aHR0cHM6Ly93d3cucmVzZWFyY2hnYXRlLm5ldC9wcm9maWxlL1N0ZXBoZW4tTGVpc3o,https://www.bing.com/ck/a?!&&p=40a0976d9f2d06096e7db98bd82d04a64ab4fe7a9d6401e244269f9f21950b75JmltdHM9MTc3OTMyMTYwMA&ptn=3&ver=2&hsh=4&fclid=2a68803d-d7c7-641b-3466-96e4d6066551&psq=Steve+Leisz&u=a1aHR0cHM6Ly93d3cucmVzZWFyY2hnYXRlLm5ldC9wcm9maWxlL1N0ZXBoZW4tTGVpc3o,Y,Good broad GIS application
N/A,Video Courses / Structured Learning Paths,Advanced,Sudeep Pasricha: Online Website,Sudeep Pasricha,N/A,N/A,,N,Accessing variety of code related videos,Sudeep Pasricha – Aram and Helga Budak Endowed ECE Professor,https://www.engr.colostate.edu/~sudeep/,M,Good variety of coding resoureces. May be to much 
Excel,Applied / Domain-Specific Resources,New to Programming,"Summary of “Data Organization in Spreadsheets” (Broman and Woo, 2018)",Broman and Woo,N/A,N/A,1,N,Understanding good data organization habits,dataorganizationspreadsheetsbromanwoo-1.pdf,https://statlab.colostate.edu/wp-content/uploads/sites/12/2019/06/dataorganizationspreadsheetsbromanwoo-1.pdf,Y,Good introductory course for data sciences 
Python,Applied / Domain-Specific Resources,Intermediate,Tai Montgomery: Github Repositories,Tai Montgomery,N/A,N/A,1,N,Learning Technical Python Skills for Computational Biologists,taimontgomery/SnakemakeTutorial,https://github.com/taimontgomery/SnakemakeTutorial,M,"Application may be to specific for most students, may also not focus on coding as much as other resources "
R,Video Courses / Structured Learning Paths,Intermediate,The Carpentries: Data Analysis and Visualization in R for Ecologists,Data Carpentry,N/A,N/A,1,N,Data analysis; scientific workflows,https://datacarpentry.org/R-ecology-lesson/,https://datacarpentry.org/R-ecology-lesson/,Y,Good robust application for coding resources 
Python,Books / eBooks,Intermediate,The Hitchhiker‚Äôs Guide to Python,Kenneth Reitz et al.,N/A,N/A,1,N,Learning best practices for clean code in python,https://docs.python-guide.org/,https://docs.python-guide.org/,Y,This is a good basic level material for all new programmers with python 
Javascript,Applied / Domain-Specific Resources,Beginner,The Javascript Language,Javascriptinf,N/A,N/A,1,N,Learning how to use Javascript and its various tools,The JavaScript language,https://javascript.info/js,Y,Provides a nice overlay of Java and it's potential applications 
Unix,Documentation / Reference / Practice,Beginner,The Unix Shell,Carpentry,N/A,N/A,1,N,Introducing oneself  to the Unix Shell for Unix software usage,https://swcarpentry.github.io/shell-novice/,https://swcarpentry.github.io/shell-novice/,Y,Excellent introductory material for unix 
HTML,Applied / Domain-Specific Resources,Intermediate,Tianyang Wang: Github ,Tianyang Wang ,N/A,N/A,1,N,Creating Jekyll themes using HTML code,Tianyang-Wang/Tianyang.wang-Nanjing,https://github.com/Tianyang-Wang/Tianyang.wang-Nanjing,M,Strong application for HTML Code that may not cover enough diverse material for strong understanding of the language 
Geospatial,Applied / Domain-Specific Resources,Advanced,Trent Pearce: Github,Trent Pearce,N/A,N/A,1,N,using R Code to map chemical exposure,https://github.com/trentpearce/felid_rodenticide,https://github.com/trentpearce/felid_rodenticide,Y,R code that has good applications for GIS use 
HPC,Applied / Domain-Specific Resources,Intermediate,Trevor Vincent: Github,Trevor Vincent ,N/A,N/A,1,N,Learning HPC Softwares  and Libraries ,trevor-vincent/awesome-high-performance-computing: A curated list of awesome high performance computing resources,https://github.com/trevor-vincent/awesome-high-performance-computing,Y,Excellent course to describing the different uses of HPC codes 
AI,Applied / Domain-Specific Resources,Intermediate,Tristachi: Github,Ravi Mangal,N/A,N/A,1,N,Learning how to use a dataset to train AI,SharedControlAutonomousDriving/scad_tot: SCAD TakeOverTime neural network & verification,https://github.com/SharedControlAutonomousDriving/scad_tot,Y,Good Advanced AI course 
Python,Applied / Domain-Specific Resources,Advanced,Tristachi: Github,Ravi Mangal,N/A,N/A,1,N,Using Python to code for robustness using different ensembles ,ravimangal/cascade-robustness-impl,https://github.com/ravimangal/cascade-robustness-impl,M,May be to specific of an application  
Unix,Online Couress / Structured Learning Paths,Beginner - Advanced,Udemy - Unix Courses (Paywalled) ,Udemy,N/A,N/A,2,N,Achieving a well based understanding of Unix ,https://www.udemy.com/course/unix-linux-operating-system/,https://www.udemy.com/course/unix-linux-operating-system/,Y,Seems like a good course but there is a paywall 
Excel,Video Courses / Structured Learning Paths,Advanced,Udemy: The Ultimate Excel Programmer Course,Udemy,N/A,N/A,1,N,"Learning to write VBA Code, functions, loops, and other coding applications in Excel ",The Ultimate Excel Programmer Course,https://www.udemy.com/course/ultimate-excel-programmer/?im_ref=3%3AEXDO1o4xyZRD5XSUwl-UxXUkuRc3S400000w0&sharedid=EdgeBingFlow&irpid=2003851&utm_medium=affiliate&utm_source=impact&utm_audience=mx&utm_tactic=%22Loyalty%22%2C%22US%20-%20North%20America%22&utm_content=3260104&utm_campaign=2003851&irgwc=1&afsrc=1,Y,"Good Course , may require background knowledge in other coding languages for VBA Code usage "
Unix,Applied / Domain-Specific Resources,Beginner,Unix Tutorial: Basic Unix Commands ,Unix Tutorial,N/A,N/A,1,N,Learning essential Unix Commands and what they do,Basic Unix Commands | Unix Tutorial,https://www.unixtutorial.org/basic-unix-commands/,Y,Not Unix code but a near copy of it. 
Bash,Documentation / Reference / Practice,Intermediate,Version Control with GIT,Carpentry,N/A,N/A,1,N,Learning to use Version Control and applications of it,Version Control with Git: Summary and Setup,https://swcarpentry.github.io/git-novice/,Y,Good for learning more about Git in bash 
SQL,Applied / Domain-Specific Resources,Beginner,Vidya Gaddy: Github,Vidya Gaddy,N/A,N/A,1,N,Practicing filtering large datasets for desired information,DSCI235Test/practice_final (1).ipynb at main · Vidyagaddy/DSCI235Test,https://github.com/Vidyagaddy/DSCI235Test/blob/main/practice_final%20(1).ipynb,Y,Data science related applications of code 
HTML,Online Couress / Structured Learning Paths,Beginner,W3 Schools: HTML Classes,W3 Schools,N/A,N/A,2,N,Learning the basics of HTML and how to use it ,HTML Classes - The Class Attribute,https://www.w3schools.com/html/html_classes.asp,Y,Another good intrroduction course for HTML 
Python,Documentation / Reference / Practice,Beginner,W3Schools Python Exercises,W3Schools,N/A,N/A,1,N,Practicing and reinforcing python skills ,https://www.w3schools.com/python/exercise.asp,https://www.w3schools.com/python/exercise.asp,Y,Good way to practice python skills that have been learned 
C/C++,Books / eBooks,Intermediate,Wikibooks.org: C++ ,Wikibooks,N/A,N/A,1,N,Learning all Things C+ ,CPlusPlusProgramming.pdf,https://upload.wikimedia.org/wikipedia/commons/e/e9/CPlusPlusProgramming.pdf?utm_source=en.wikibooks.org&utm_campaign=index&utm_content=original,M,VERY DENSE 
AI,Applied / Domain-Specific Resources,Advanced,Xinran Wang: Github,Xinran Wang,N/A,N/A,1,N,Developing Human Related AI skills,https://github.com/wang8740/MAP,https://github.com/wang8740/MAP,M,May not be related to coding 
R,Applied / Domain-Specific Resources,Intermediate,Xinran Wang: Github,Xinran Wang,N/A,N/A,2,N,Learning to built Quarto Websites and apply themes,wang8740 (Xinran Wang),https://github.com/wang8740/,Y,Strong Intermediate R application 
Python,Applied / Domain-Specific Resources,Advanced,Yunpeng Zhao: Github,Yunpeng Zhao,N/A,N/A,2,N,Learning to use Python for research data analysis,"yunpeng-zhao/syndata-privacy: [ICLR 2025] The official code for ""Does Training with Synthetic Data Truly Protect Privacy""",https://github.com/yunpeng-zhao/syndata-privacy,Y,Good application of python for a research institution 